client_id,client_type,first_name,last_name,date_of_birth,gender,country,region,acquisition_purpose,satisfaction_score,loan_applied,referral_channel,date_of_birth_clear,age,cluster
C0001,Individual,Kareem,Liu,1968-05-11,F,USA,California,Home,4,Yes,Website,1968-05-11,57,1
C0002,Individual,Trystan,Oconnor,1962-11-26,M,USA,California,Home,1,No,Website,1962-11-26,62,2
C0003,Individual,Kale,Gay,1959-04-07,M,USA,California,Home,4,Yes,Agency,1959-04-07,66,2
C0004,Individual,Russell,Gross,1959-11-25,M,USA,California,Home,5,No,Website,1959-11-25,65,2
C0005,Company,Marleez,Co,1976-02-28,M,USA,California,Investment,5,No,Website,1976-02-28,49,3
C0006,Individual,Yurem,Wright,1957-03-06,M,USA,California,Home,3,Yes,Website,1957-03-06,68,2
C0007,Individual,Xavier,Faulkner,1947-05-24,M,Canada,Quebec,Investment,5,No,Website,1947-05-24,78,2
C0008,Individual,Kayden,Olsen,1969-10-17,F,USA,California,Home,5,No,Website,1969-10-17,55,1
C0009,Individual,Joaquin,Mullins,1975-10-05,M,USA,California,Investment,5,No,Agency,1975-10-05,49,2
C0010,Individual,Nicolas,Navarro,1966-06-17,M,USA,Oregon,Investment,3,No,Agency,1966-06-17,59,2
C0011,Individual,Laci,Guerra,1956-06-17,F,USA,California,Home,2,Yes,Website,1956-06-17,69,1
C0012,Company,Kylax,Co,1975-04-25,M,USA,California,Investment,5,No,Website,1975-04-25,50,3
C0013,Individual,Harley,Lucero,1962-08-10,M,USA,California,Home,1,Yes,Website,1962-08-10,62,2
C0014,Company,Esther,Co,1980-07-10,M,USA,California,Home,3,Yes,Website,1980-07-10,44,3
C0015,Individual,Jaylynn,Hickman,1941-08-19,F,USA,California,Home,5,No,Client,1941-08-19,83,1
C0016,Individual,Olivia,Oconnell,1939-09-03,F,USA,California,Investment,5,No,Website,1939-09-03,85,1
C0017,Individual,Antonio,Porter,1977-01-08,M,USA,Arizona,Home,3,No,Client,1977-01-08,48,2
C0018,Individual,Luke,Lynn,1967-02-07,M,USA,California,Home,2,Yes,Agency,1967-02-07,58,2
C0019,Individual,Anahi,Curry,1957-09-09,M,USA,California,Home,5,Yes,Client,1957-09-09,67,2
C0020,Individual,Camille,Sharp,1967-10-17,F,USA,California,Home,5,No,Website,1967-10-17,57,1
C0021,Individual,Jesus,Obrien,1938-06-09,M,USA,Oregon,Investment,3,No,Website,1938-06-09,87,2
C0022,Individual,Araceli,Nelson,1966-09-14,M,Germany,Berlin,Investment,5,No,Agency,1966-09-14,58,2
C0023,Individual,Cole,Taylor,1958-12-06,M,USA,California,Home,3,Yes,Website,1958-12-06,66,2
C0024,Individual,Alonso,Terrell,1963-11-05,M,USA,California,Investment,4,No,Website,1963-11-05,61,2
C0025,Individual,Rodolfo,Gibson,1937-01-20,M,USA,Nevada,Home,2,Yes,Website,1937-01-20,88,2
C0026,Individual,Joseph,Reeves,1962-09-23,M,USA,California,Investment,5,No,Website,1962-09-23,62,2
C0027,Individual,Grant,Weber,1968-09-08,M,USA,California,Home,5,Yes,Website,1968-09-08,56,2
C0028,Individual,Ava,Phelps,1958-04-15,F,USA,California,Home,3,No,Client,1958-04-15,67,1
C0029,Individual,Kyla,Walker,1976-02-26,F,USA,Colorado,Home,4,Yes,Agency,1976-02-26,49,1
C0030,Individual,Alanna,Hess,1952-06-19,F,USA,Nevada,Home,3,No,Website,1952-06-19,73,1
C0031,Individual,Skylar,Buchanan,1977-12-25,M,USA,Nevada,Home,4,Yes,Website,1977-12-25,47,2
C0032,Individual,Rodrigo,Robinson,1966-08-11,M,USA,California,Home,4,No,Website,1966-08-11,58,2
C0033,Individual,Lydia,Tate,1968-08-14,F,USA,California,Home,3,Yes,Website,1968-08-14,56,1
C0034,Individual,Lauryn,Patrick,1969-10-30,F,Belgium,Brussels,Home,2,No,Agency,1969-10-30,55,1
C0035,Individual,Diego,Mendez,1965-05-12,M,Mexico,Mexico City,Home,3,No,Agency,1965-05-12,60,2
C0036,Individual,Victor,Jensen,1973-09-01,M,USA,California,Home,4,No,Website,1973-09-01,51,2
C0037,Individual,Scarlet,Hendricks,1962-01-20,F,USA,California,Home,5,Yes,Website,1962-01-20,63,1
C0038,Individual,Janelle,Espinoza,1974-12-25,F,USA,California,Investment,4,No,Client,1974-12-25,50,1
C0039,Individual,Aleksandra,Karenina,1967-06-13,F,Russia,Krasnodar Krai,Home,1,No,Agency,1967-06-13,58,1
C0040,Individual,Conner,Huff,1975-03-22,M,USA,Nevada,Home,5,No,Website,1975-03-22,50,2
C0041,Individual,Zain,Horne,1967-04-13,M,USA,Arizona,Home,1,Yes,Website,1967-04-13,58,2
C0042,Individual,Maia,Chandler,1975-08-12,F,USA,Utah,Home,1,Yes,Website,1975-08-12,49,1
C0043,Individual,Jordyn,Park,1965-04-04,M,USA,Nevada,Investment,3,Yes,Website,1965-04-04,60,2
C0044,Individual,Diana,Hunt,1931-02-13,F,USA,Arizona,Home,3,No,Website,1931-02-13,94,1
C0045,Individual,Kevin,Mata,1968-10-12,M,USA,Colorado,Investment,2,No,Agency,1968-10-12,56,2
C0046,Individual,Brisa,Mckee,1964-09-24,F,USA,California,Home,5,No,Client,1964-09-24,60,1
C0047,Individual,Mason,Gilbert,1970-07-31,M,USA,Colorado,Home,2,No,Agency,1970-07-31,54,2
C0048,Individual,Derick,Li,1957-03-20,M,USA,California,Home,3,Yes,Agency,1957-03-20,68,2
C0049,Individual,Jace,Riggs,1971-08-20,F,USA,California,Home,1,No,Website,1971-08-20,53,1
C0050,Individual,Jair,Johns,1940-03-05,M,USA,California,Home,5,No,Website,1940-03-05,85,2
C0051,Individual,Matilda,Madden,1941-03-03,F,USA,Colorado,Home,3,No,Agency,1941-03-03,84,1
C0052,Individual,Myla,Ewing,1967-02-03,F,USA,Oregon,Investment,2,No,Client,1967-02-03,58,1
C0053,Individual,Miguel,Walter,1954-01-07,M,USA,Arizona,Home,4,No,Agency,1954-01-07,71,2
C0054,Company,Bridger CAL,Co,1967-02-15,M,USA,Nevada,Investment,5,No,Website,1967-02-15,58,3
C0055,Individual,Mara,Franco,1973-06-07,F,USA,California,Home,5,Yes,Agency,1973-06-07,52,1
C0056,Individual,Erik,Mora,1964-12-07,M,USA,Oregon,Investment,5,No,Agency,1964-12-07,60,2
C0057,Individual,Henry,Kennedy,1933-06-08,M,USA,California,Home,4,Yes,Agency,1933-06-08,92,2
C0058,Company,Kenyon,Co,1969-05-03,F,USA,California,Investment,1,Yes,Website,1969-05-03,56,3
C0059,Individual,Oswaldo,Palmer,1960-06-16,M,USA,California,Home,2,No,Website,1960-06-16,65,2
C0060,Individual,Kassidy,Vega,1972-05-07,F,USA,California,Home,5,No,Website,1972-05-07,53,1
C0061,Individual,Morgan,Glass,1967-05-12,M,USA,Utah,Home,5,No,Agency,1967-05-12,58,2
C0062,Individual,Tyler,Carr,1974-03-27,M,USA,California,Home,5,Yes,Client,1974-03-27,51,2
C0063,Individual,Yesenia,Marquez,1942-07-23,F,USA,Arizona,Home,4,No,Website,1942-07-23,82,1
C0064,Individual,Gordon,Brown,1974-02-10,M,UK,Northern Ireland,Investment,4,No,Agency,1974-02-10,51,2
C0065,Individual,Rodrigo,Ramirez,1972-03-26,M,USA,California,Home,1,No,Agency,1972-03-26,53,2
C0066,Individual,Melanie,Holland,1974-12-25,F,USA,California,Investment,3,No,Client,1974-12-25,50,1
C0067,Individual,Enrique,Cardenas,1977-06-10,M,USA,California,Home,2,No,Website,1977-06-10,48,2
C0068,Individual,Helen,Williamson,1966-02-26,F,USA,Colorado,Home,5,Yes,Agency,1966-02-26,59,1
C0069,Individual,Isis,Rios,1970-04-01,M,USA,California,Investment,4,No,Website,1970-04-01,55,2
C0070,Individual,Kayley,Nielsen,1947-04-27,F,USA,Arizona,Home,4,Yes,Website,1947-04-27,78,1
C0071,Individual,Donavan,Flowers,1985-12-27,M,USA,California,Home,1,Yes,Client,1985-12-27,39,2
C0072,Individual,Augustus,Hinton,1953-02-03,M,USA,Nevada,Investment,2,No,Website,1953-02-03,72,2
C0073,Individual,Alejandra,Greer,1965-01-11,F,Denmark,Capital Region,Investment,1,No,Agency,1965-01-11,60,1
C0074,Individual,Violet,Nixon,1959-01-01,F,USA,Oregon,Investment,5,No,Client,1959-01-01,66,1
C0075,Individual,Jaelyn,Berger,1970-05-05,F,USA,California,Home,3,No,Website,1970-05-05,55,1
C0076,Individual,Tristian,Fuller,1956-03-13,M,USA,California,Home,5,No,Agency,1956-03-13,69,2
C0077,Individual,Christian,Costa,1980-09-14,M,USA,California,Home,5,No,Website,1980-09-14,44,2
C0078,Individual,Nora,Lynch,1948-04-23,F,USA,California,Home,5,No,Website,1948-04-23,77,1
C0079,Individual,Dangelo,Shea,1954-02-27,M,Belgium,Brussels,Investment,4,No,Website,1954-02-27,71,2
C0080,Individual,Aiyana,Christensen,1949-01-16,F,USA,California,Investment,3,No,Website,1949-01-16,76,1
C0081,Individual,Sidney,Cline,1943-07-24,F,USA,California,Home,4,Yes,Website,1943-07-24,81,1
C0082,Individual,Kaitlin,Owen,1981-12-26,F,USA,Virginia,Investment,5,No,Client,1981-12-26,43,1
C0083,Individual,Issac,Edwards,1938-10-29,M,USA,California,Home,5,No,Website,1938-10-29,86,2
C0084,Individual,Zaiden,Merritt,1948-02-23,M,USA,Wyoming,Home,3,No,Agency,1948-02-23,77,2
C0085,Individual,Iris,Larsen,1966-09-14,M,USA,California,Home,4,Yes,Agency,1966-09-14,58,2
C0086,Individual,Grace,Stein,1968-12-20,F,USA,California,Home,3,Yes,Website,1968-12-20,56,1
C0087,Individual,Alessandra,Perry,1979-05-15,F,USA,California,Home,4,No,Agency,1979-05-15,46,1
C0088,Individual,Jamal,Mueller,1936-08-13,M,USA,Oregon,Investment,2,No,Website,1936-08-13,88,2
C0089,Individual,Irvin,Ellis,1949-11-14,M,USA,California,Home,3,No,Agency,1949-11-14,75,2
C0090,Individual,Terry,Forbes,1982-05-27,M,USA,California,Home,5,No,Client,1982-05-27,43,2
C0091,Individual,Jacqueline,Grant,1959-11-13,F,USA,California,Home,4,No,Website,1959-11-13,65,1
C0092,Individual,Brock,Fischer,1971-05-29,M,USA,Kansas,Home,3,No,Website,1971-05-29,54,2
C0093,Individual,Curtis,Howard,1962-09-11,M,USA,California,Home,2,No,Agency,1962-09-11,62,2
C0094,Individual,Avah,Huang,1948-04-23,F,USA,California,Home,5,No,Website,1948-04-23,77,1
C0095,Individual,Frank,Meyer,1964-03-16,M,USA,California,Home,3,Yes,Agency,1964-03-16,61,2
C0096,Individual,Darien,Dorsey,1985-12-27,M,USA,California,Investment,3,Yes,Website,1985-12-27,39,2
C0097,Individual,Franklin,Mack,1943-06-18,M,USA,Virginia,Home,5,Yes,Website,1943-06-18,82,2
C0098,Individual,Elena,Petrova,1949-06-22,F,Russia,Saint Petersburg,Home,3,Yes,Agency,1949-06-22,76,1
C0099,Individual,Jack,Hanson,1941-12-01,M,USA,California,Investment,4,No,Website,1941-12-01,83,2
C0100,Individual,Emmett,Estes,1969-06-05,M,USA,California,Home,3,No,Website,1969-06-05,56,2
C0101,Individual,Aniya,Miller,1951-03-02,F,USA,Nevada,Home,3,No,Website,1951-03-02,74,1
C0102,Individual,Jack,Anderson,1947-02-13,M,USA,California,Investment,5,Yes,Website,1947-02-13,78,2
C0103,Individual,Kael,Hurley,1973-12-15,M,USA,Colorado,Home,3,No,Website,1973-12-15,51,2
C0104,Individual,Kamden,Stewart,1978-09-14,M,USA,California,Home,5,No,Website,1978-09-14,46,2
C0105,Individual,Aniyah,Ali,1959-11-03,F,USA,California,Investment,2,Yes,Website,1959-11-03,65,1
C0106,Individual,Simon,Bennett,1953-06-09,M,USA,Colorado,Home,4,No,Website,1953-06-09,72,2
C0107,Individual,Laurel,Benitez,1959-08-06,M,USA,California,Home,4,Yes,Agency,1959-08-06,65,2
C0108,Individual,Trey,Strong,1958-12-20,M,USA,California,Home,4,No,Agency,1958-12-20,66,2
C0109,Individual,Myah,Roman,1933-05-05,F,USA,California,Investment,5,Yes,Agency,1933-05-05,92,1
C0110,Individual,Nyla,Blake,1959-06-05,F,USA,California,Investment,5,Yes,Agency,1959-06-05,66,1
C0111,Individual,Kole,Shannon,1979-06-27,M,USA,Arizona,Home,2,Yes,Website,1979-06-27,46,2
C0112,Individual,Melany,Glover,1960-10-01,F,USA,California,Investment,1,Yes,Agency,1960-10-01,64,1
C0113,Individual,Arthur,Bray,1949-07-14,M,USA,Utah,Investment,4,No,Agency,1949-07-14,75,2
C0114,Individual,Kamila,Collier,1962-01-21,F,USA,California,Home,1,Yes,Website,1962-01-21,63,1
C0115,Individual,Amanda,Simon,1978-12-03,F,USA,California,Home,5,No,Agency,1978-12-03,46,1
C0116,Individual,Erika,Steward,1955-08-07,F,USA,California,Investment,4,No,Website,1955-08-07,69,1
C0117,Individual,Jakobe,Bailey,1964-10-06,M,UK,Scotland,Investment,4,No,Agency,1964-10-06,60,2
C0118,Individual,Sonia,Choi,1948-11-09,F,USA,Oregon,Investment,5,No,Agency,1948-11-09,76,1
C0119,Individual,Erika,Gallagher,1942-07-19,F,USA,California,Home,1,Yes,Website,1942-07-19,82,1
C0120,Individual,Madeline,Michael,1953-07-30,F,USA,California,Home,4,Yes,Website,1953-07-30,71,1
C0121,Individual,Bennett,Chen,1950-07-18,M,USA,Nevada,Home,2,No,Website,1950-07-18,74,2
C0122,Individual,Belinda,Hogan,1973-08-18,F,USA,California,Home,1,Yes,Agency,1973-08-18,51,1
C0123,Individual,Johanna,Fisher,1962-08-25,F,USA,California,Home,4,Yes,Website,1962-08-25,62,1
C0124,Individual,Jaylen,Turner,1963-07-15,F,USA,California,Home,4,No,Agency,1963-07-15,61,1
C0125,Individual,Michael,Juarez,1976-12-25,M,USA,Colorado,Home,4,Yes,Agency,1976-12-25,48,2
C0126,Individual,Adriana,Shaffer,1972-07-11,F,USA,California,Investment,2,No,Agency,1972-07-11,52,1
C0127,Individual,Julio,Leonard,1974-07-18,M,USA,Nevada,Home,2,Yes,Website,1974-07-18,50,2
C0128,Company,Abdiel,Co,1963-05-22,M,USA,Nevada,Investment,5,Yes,Website,1963-05-22,62,3
C0129,Individual,Warren,Pugh,1973-07-17,M,USA,Arizona,Investment,5,No,Website,1973-07-17,51,2
C0130,Individual,Luis,Crane,1959-04-20,M,USA,Nevada,Home,3,Yes,Website,1959-04-20,66,2
C0131,Individual,Mohammad,Irwin,1971-12-02,M,USA,California,Home,1,No,Website,1971-12-02,53,2
C0132,Individual,Davion,Stout,1965-07-20,M,USA,Nevada,Home,1,Yes,Agency,1965-07-20,59,2
C0133,Individual,Logan,Simmons,1946-09-14,M,USA,California,Investment,4,No,Agency,1946-09-14,78,2
C0134,Individual,Kaylin,Villarreal,1932-06-13,F,Russia,Novosibirsk,Investment,3,No,Website,1932-06-13,93,1
C0135,Individual,Ruben,Melton,1939-03-05,M,USA,Utah,Investment,2,No,Agency,1939-03-05,86,2
C0136,Individual,Gianni,Fritz,1973-09-15,M,USA,California,Home,3,No,Website,1973-09-15,51,2
C0137,Individual,Emilie,Morrison,1957-10-29,F,USA,California,Home,3,Yes,Website,1957-10-29,67,1
C0138,Individual,Crystal,Wyatt,1939-06-30,F,USA,Oregon,Investment,3,Yes,Website,1939-06-30,86,1
C0139,Individual,Annabel,Robles,1969-10-14,F,USA,California,Home,5,Yes,Website,1969-10-14,55,1
C0140,Individual,Rachel,Cross,1952-06-18,F,USA,California,Home,3,No,Website,1952-06-18,73,1
C0141,Individual,Madalyn,Mercer,1986-06-21,F,USA,California,Home,5,No,Website,1986-06-21,39,1
C0142,Individual,Michelle,Cameron,1978-06-04,F,USA,Nevada,Home,3,Yes,Website,1978-06-04,47,1
C0143,Individual,Ezra,Lozano,1958-02-24,M,USA,California,Home,1,No,Website,1958-02-24,67,2
C0144,Individual,Ramiro,Oneill,1954-09-29,M,USA,California,Home,4,No,Agency,1954-09-29,70,2
C0145,Individual,Emely,Watts,1964-11-30,F,USA,California,Home,4,No,Website,1964-11-30,60,1
C0146,Individual,Hazel,Ayers,1963-02-01,M,USA,Colorado,Home,2,No,Website,1963-02-01,62,2
C0147,Individual,Cedric,Goodwin,1948-02-20,M,USA,Utah,Home,4,No,Client,1948-02-20,77,2
C0148,Individual,Dayton,Hatfield,1969-04-19,M,USA,Colorado,Investment,4,Yes,Agency,1969-04-19,56,2
C0149,Individual,Piotr,Aleksandrov,1955-12-02,M,Russia,Krasnodar Krai,Investment,3,No,Agency,1955-12-02,69,2
C0150,Individual,Memphis,Mcconnell,1968-08-25,M,USA,California,Home,2,Yes,Website,1968-08-25,56,2
C0151,Individual,Arabella,Ferrell,1976-08-17,F,USA,Oregon,Home,1,No,Agency,1976-08-17,48,1
C0152,Individual,Sincere,Hansen,1967-01-19,F,USA,California,Investment,2,Yes,Agency,1967-01-19,58,1
C0153,Individual,Lara,Carrillo,1983-02-24,F,USA,California,Home,5,No,Website,1983-02-24,42,1
C0154,Individual,Valentina,Simpson,1965-01-24,F,USA,California,Home,4,Yes,Agency,1965-01-24,60,1
C0155,Company,Kamd,Co,1975-08-18,M,USA,California,Investment,5,No,Agency,1975-08-18,49,3
C0156,Individual,Case,Sanchez,1966-05-26,F,USA,California,Home,5,No,Website,1966-05-26,59,1
C0157,Individual,Van,Charles,1952-05-15,M,USA,Colorado,Home,2,Yes,Client,1952-05-15,73,2
C0158,Individual,Emmy,Singh,1979-12-03,F,USA,Virginia,Investment,3,Yes,Agency,1979-12-03,45,1
C0159,Individual,Colin,Campos,1942-04-14,M,USA,California,Home,3,No,Website,1942-04-14,83,2
C0160,Individual,Anya,Stephenson,1959-06-11,F,USA,California,Home,4,No,Website,1959-06-11,66,1
C0161,Individual,Parker,Poole,1951-11-10,M,USA,California,Home,5,No,Website,1951-11-10,73,2
C0162,Individual,Ivan,Bright,1953-09-15,M,USA,California,Home,4,No,Website,1953-09-15,71,2
C0163,Individual,Larry,Turner,1986-03-24,M,USA,Utah,Investment,5,Yes,Agency,1986-03-24,39,2
C0164,Individual,Matthew,Nelson,1986-09-20,M,USA,Arizona,Home,5,No,Website,1986-09-20,38,2
C0165,Individual,Mary,Hall,1956-07-11,F,USA,California,Home,3,Yes,Website,1956-07-11,68,1
C0166,Individual,Carolyn,Weaver,1984-01-24,F,USA,Arizona,Home,4,Yes,Agency,1984-01-24,41,1
C0167,Individual,Grace,Green,1955-02-02,F,UK,Scotland,Home,3,Yes,Website,1955-02-02,70,1
C0168,Individual,Pamela,Sanders,1960-06-06,F,USA,Nevada,Home,3,No,Agency,1960-06-06,65,1
C0169,Individual,Terry,Turner,1990-08-13,M,USA,Ohio,Investment,5,Yes,Agency,1990-08-13,34,2
C0170,Individual,Jacob,Jones,1949-06-13,M,USA,California,Home,5,No,Website,1949-06-13,76,2
C0171,Individual,Julie,Sanders,1991-05-05,F,USA,Washington,Investment,5,Yes,Client,1991-05-05,34,1
C0172,Individual,Catherine,Carter,1992-09-16,F,USA,Washington,Home,1,Yes,Agency,1992-09-16,32,1
C0173,Individual,Amber,Wilson,1976-07-20,F,USA,Arizona,Home,5,Yes,Agency,1976-07-20,48,1
C0174,Individual,Rachel,Harris,1982-07-06,F,USA,California,Investment,3,No,Client,1982-07-06,42,1
C0175,Individual,Brandon,Alexander,1962-04-05,M,USA,Washington,Home,5,No,Agency,1962-04-05,63,2
C0176,Individual,Hannah,Williams,1993-06-27,F,USA,California,Home,2,No,Website,1993-06-27,32,1
C0177,Individual,Sarah,Hansen,1951-03-05,F,UK,England,Home,5,Yes,Website,1951-03-05,74,1
C0178,Individual,Laura,Chavez,1952-12-23,F,USA,Virginia,Home,4,No,Agency,1952-12-23,72,1
C0179,Individual,Ashley,Turner,1986-02-11,F,USA,Oregon,Investment,2,No,Website,1986-02-11,39,1
C0180,Individual,Jacob,Wilson,1943-01-28,M,USA,California,Home,2,Yes,Agency,1943-01-28,82,2
C0181,Individual,Lawrence,Peterson,1970-04-26,M,USA,Texas,Home,2,Yes,Website,1970-04-26,55,2
C0182,Individual,Virginia,Bennett,1971-12-02,F,Germany,North Rhine-Westphalia,Investment,1,Yes,Website,1971-12-02,53,1
C0183,Individual,Nicholas,Green,1988-09-15,M,USA,Nevada,Home,3,No,Website,1988-09-15,36,2
C0184,Individual,Peter,Pierce,1994-01-21,M,USA,Florida,Home,1,No,Website,1994-01-21,31,2
C0185,Individual,Andrea,Nelson,1945-07-02,F,USA,Nevada,Home,4,Yes,Agency,1945-07-02,79,1
C0186,Individual,Carol,Green,1982-04-02,F,USA,Virginia,Home,1,No,Website,1982-04-02,43,1
C0187,Individual,Cheryl,Kim,1990-01-17,F,USA,Florida,Home,1,No,Website,1990-01-17,35,1
C0188,Individual,Jose,Martin,1940-10-08,M,USA,Oregon,Home,5,Yes,Website,1940-10-08,84,2
C0189,Individual,Anna,Adams,1958-12-11,F,USA,California,Home,2,No,Agency,1958-12-11,66,1
C0190,Individual,Karen,Johnson,1971-10-19,F,USA,California,Home,2,No,Website,1971-10-19,53,1
C0191,Individual,Sarah,Turner,1977-05-06,F,USA,Florida,Home,3,No,Agency,1977-05-06,48,1
C0192,Individual,Margaret,Moore,1984-02-04,F,Belgium,Brussels,Investment,2,Yes,Website,1984-02-04,41,1
C0193,Individual,Sharon,Campbell,1968-08-09,F,USA,California,Investment,4,Yes,Website,1968-08-09,56,1
C0194,Individual,Jonathan,Hall,1953-08-18,M,France,Ile-de-France,Home,5,Yes,Website,1953-08-18,71,2
C0195,Individual,Sean,Jones,1947-06-19,M,USA,California,Home,2,Yes,Website,1947-06-19,78,2
C0196,Individual,Alexander,Adams,1957-04-22,M,USA,Nevada,Investment,5,No,Agency,1957-04-22,68,2
C0197,Individual,Kevin,Wright,1944-07-01,M,USA,Virginia,Home,4,No,Client,1944-07-01,81,2
C0198,Individual,Michelle,White,1976-01-28,F,USA,California,Home,4,No,Website,1976-01-28,49,1
C0199,Individual,Ryan,Brown,1958-04-13,M,USA,California,Home,3,No,Agency,1958-04-13,67,2
C0200,Individual,Linda,Harris,1944-05-06,F,USA,California,Home,1,No,Agency,1944-05-06,81,1
C0201,Individual,Lauren,Weaver,1968-02-13,F,USA,California,Home,1,No,Agency,1968-02-13,57,1
C0202,Individual,Jack,Reyes,1996-11-11,M,Canada,British Columbia,Home,1,No,Website,1996-11-11,28,2
C0203,Individual,Christine,Brooks,1956-05-18,F,USA,California,Home,4,No,Client,1956-05-18,69,1
C0204,Individual,Joyce,Pierce,1947-01-10,F,USA,California,Home,5,No,Agency,1947-01-10,78,1
C0205,Individual,Kelly,Nelson,1968-08-26,F,Mexico,Puebla,Home,1,Yes,Agency,1968-08-26,56,1
C0206,Individual,Nancy,Roberts,1957-05-08,F,USA,California,Home,1,Yes,Agency,1957-05-08,68,1
C0207,Individual,Kyle,Gray,1944-11-19,M,USA,Virginia,Investment,4,No,Website,1944-11-19,80,2
C0208,Individual,Mark,James,1986-03-26,M,France,Provence,Home,4,Yes,Agency,1986-03-26,39,2
C0209,Individual,Kyle,Moore,1949-08-22,M,USA,Arizona,Investment,3,No,Agency,1949-08-22,75,2
C0210,Individual,Janice,Price,1943-03-24,F,USA,Colorado,Home,2,No,Website,1943-03-24,82,1
C0211,Individual,Amy,Evans,1972-02-23,F,USA,California,Home,3,No,Agency,1972-02-23,53,1
C0212,Individual,Jacob,Wood,1956-03-23,M,USA,California,Home,4,No,Agency,1956-03-23,69,2
C0213,Individual,Jason,Gray,1976-10-23,M,USA,Florida,Investment,5,No,Agency,1976-10-23,48,2
C0214,Individual,Helen,Wood,1946-07-18,F,Belgium,Brussels,Investment,5,No,Website,1946-07-18,78,1
C0215,Individual,Lauren,Foster,1999-07-11,F,Germany,Hamburg,Investment,4,No,Website,1999-07-11,25,1
C0216,Individual,Albert,Hansen,1999-07-19,M,USA,Utah,Home,1,No,Website,1999-07-19,25,2
C0217,Individual,Deborah,Miller,1984-07-11,F,USA,Colorado,Home,3,No,Website,1984-07-11,40,1
C0218,Individual,Shirley,Anderson,1970-01-24,F,USA,California,Home,2,No,Website,1970-01-24,55,1
C0219,Individual,William,Turner,1988-01-20,M,USA,California,Home,4,No,Website,1988-01-20,37,2
C0220,Individual,Walter,Phillips,1951-06-06,M,Canada,Ontario,Investment,1,No,Website,1951-06-06,74,2
C0221,Company,Atlas,Co,1987-05-14,F,USA,California,Home,5,No,Website,1987-05-14,38,3
C0222,Individual,Christopher,Stone,1956-11-08,M,USA,Utah,Investment,3,No,Agency,1956-11-08,68,2
C0223,Individual,Patrick,Hansen,1973-11-12,M,USA,Colorado,Investment,3,Yes,Website,1973-11-12,51,2
C0224,Individual,Nathan,Richardson,1960-08-23,M,USA,Colorado,Home,5,No,Website,1960-08-23,64,2
C0225,Individual,Evelyn,Reyes,1948-12-19,F,USA,California,Home,1,Yes,Agency,1948-12-19,76,1
C0226,Individual,Julia,Jordan,1958-07-11,F,USA,Colorado,Home,2,No,Website,1958-07-11,66,1
C0227,Individual,Rachel,Evans,1944-10-23,F,USA,Arizona,Home,5,Yes,Website,1944-10-23,80,1
C0228,Individual,Hannah,Owens,1952-04-23,F,USA,Oregon,Investment,4,No,Website,1952-04-23,73,1
C0229,Individual,Jose,Turner,1981-11-19,M,USA,Colorado,Investment,5,No,Website,1981-11-19,43,2
C0230,Company,Forsyte,Co,1977-07-22,M,USA,Nevada,Investment,4,Yes,Website,1977-07-22,47,3
C0231,Individual,Ronald,Rogers,1993-12-18,M,Denmark,Central Denmark,Investment,2,Yes,Website,1993-12-18,31,2
C0232,Individual,Megan,Kim,1962-05-04,F,USA,California,Home,3,Yes,Website,1962-05-04,63,1
C0233,Individual,Larry,Garcia,1997-09-10,M,France,Provence,Home,4,Yes,Website,1997-09-10,27,2
C0234,Individual,Andrea,Hughes,1979-03-02,F,USA,New York,Home,1,Yes,Website,1979-03-02,46,1
C0235,Individual,Kenneth,Allen,1949-10-10,M,USA,California,Home,5,No,Website,1949-10-10,75,2
C0236,Individual,Gerald,Howard,1972-08-10,M,Canada,Manitoba,Home,3,No,Agency,1972-08-10,52,0
C0237,Individual,Jason,Nelson,1984-11-03,M,USA,California,Home,5,Yes,Website,1984-11-03,40,2
C0238,Individual,Amber,Patterson,1982-01-08,F,USA,Virginia,Home,4,Yes,Agency,1982-01-08,43,1
C0239,Individual,Megan,Baker,1973-02-18,F,USA,Oregon,Home,3,Yes,Website,1973-02-18,52,1
C0240,Individual,Amber,Morales,1942-05-15,F,USA,Colorado,Investment,3,No,Website,1942-05-15,83,1
C0241,Individual,Kelly,Anderson,1962-01-14,F,Mexico,Nuevo Leon,Home,5,Yes,Website,1962-01-14,63,1
C0242,Individual,Stephen,Peterson,1998-03-16,M,USA,Utah,Home,3,Yes,Agency,1998-03-16,27,2
C0243,Individual,Nancy,Patterson,1978-07-11,F,USA,Utah,Home,2,No,Website,1978-07-11,46,1
C0244,Individual,Joyce,Pierce,1998-08-03,F,USA,California,Home,1,No,Website,1998-08-03,26,1
C0245,Individual,Sean,Long,1974-01-07,M,USA,Nevada,Investment,4,No,Agency,1974-01-07,51,2
C0246,Individual,Stephen,Pierce,1992-05-15,M,France,Normandy,Home,1,Yes,Agency,1992-05-15,33,2
C0247,Individual,Kevin,Morris,1965-01-18,M,USA,California,Home,1,No,Website,1965-01-18,60,2
C0248,Individual,Carl,Collins,1968-12-09,M,USA,Florida,Home,4,Yes,Agency,1968-12-09,56,2
C0249,Individual,Stephanie,Montgomery,1968-12-05,F,USA,California,Investment,4,No,Agency,1968-12-05,56,1
C0250,Individual,Justin,Stewart,1947-10-19,M,UK,England,Home,2,No,Agency,1947-10-19,77,2
C0251,Individual,Janice,Chavez,1976-08-11,F,USA,Utah,Home,5,No,Website,1976-08-11,48,1
C0252,Individual,Elizabeth,Rogers,1953-08-23,F,USA,Nevada,Investment,2,No,Website,1953-08-23,71,1
C0253,Individual,Betty,Hughes,1994-09-15,F,USA,Virginia,Home,4,No,Website,1994-09-15,30,1
C0254,Individual,Rachel,Freeman,1956-07-21,F,USA,Florida,Home,5,No,Website,1956-07-21,68,1
C0255,Individual,Sara,Jones,1961-02-08,F,UK,England,Investment,3,Yes,Client,1961-02-08,64,1
C0256,Individual,Anthony,Hughes,1990-12-10,M,USA,California,Home,1,Yes,Website,1990-12-10,34,2
C0257,Individual,Nicholas,Kim,1974-10-22,M,USA,California,Home,1,No,Website,1974-10-22,50,2
C0258,Individual,Carl,Murray,1991-04-15,M,UK,Northern Ireland,Home,4,Yes,Agency,1991-04-15,34,2
C0259,Individual,Emma,Chavez,1990-02-15,F,USA,Oregon,Home,4,No,Website,1990-02-15,35,1
C0260,Individual,Rebecca,Wood,1946-08-04,F,USA,Nevada,Investment,3,No,Website,1946-08-04,78,1
C0261,Company,Celera,Co,1985-05-13,F,USA,Florida,Investment,4,Yes,Website,1985-05-13,40,3
C0262,Individual,Billy,Bryant,1947-05-25,M,USA,Oregon,Home,2,No,Website,1947-05-25,78,2
C0263,Individual,Anthony,Garcia,1981-08-02,M,USA,Nevada,Investment,2,Yes,Website,1981-08-02,43,2
C0264,Individual,Melissa,Baker,1992-09-12,F,USA,Colorado,Home,2,Yes,Agency,1992-09-12,32,1
C0265,Company,Celera,Co,1967-04-13,M,Belgium,Flanders,Home,1,No,Website,1967-04-13,58,3
C0266,Individual,Aaron,Owens,1977-02-26,M,USA,California,Home,5,Yes,Agency,1977-02-26,48,2
C0267,Individual,Judy,Howard,1948-11-12,F,USA,Utah,Home,4,Yes,Agency,1948-11-12,76,1
C0268,Individual,Danielle,Carter,1959-02-21,F,USA,Georgia,Investment,3,No,Website,1959-02-21,66,1
C0269,Individual,David,Stewart,1969-02-04,M,USA,New York,Home,2,No,Agency,1969-02-04,56,2
C0270,Individual,Megan,Allen,1944-07-21,F,USA,Florida,Home,5,No,Website,1944-07-21,80,1
C0271,Individual,Laura,Hughes,1972-04-28,F,USA,California,Investment,3,No,Agency,1972-04-28,53,1
C0272,Individual,Pamela,Green,1993-08-03,F,UK,Scotland,Home,5,Yes,Website,1993-08-03,31,1
C0273,Individual,Paul,Morales,1987-02-27,M,Denmark,Zealand,Investment,2,No,Website,1987-02-27,38,2
C0274,Individual,Raymond,Young,1950-10-01,M,USA,Florida,Home,2,No,Website,1950-10-01,74,2
C0275,Individual,William,Thompson,2000-06-26,M,USA,Oregon,Home,1,Yes,Website,2000-06-26,25,2
C0276,Individual,Gloria,Harris,1953-02-16,F,USA,Washington,Home,5,No,Website,1953-02-16,72,1
C0277,Individual,Jordan,Garcia,1954-11-17,M,USA,Colorado,Investment,1,Yes,Agency,1954-11-17,70,2
C0278,Individual,Margaret,Foster,1955-08-03,F,USA,California,Investment,2,Yes,Website,1955-08-03,69,1
C0279,Individual,Heather,Montgomery,1967-05-15,F,USA,Oregon,Home,1,No,Website,1967-05-15,58,1
C0280,Individual,Nathan,Price,1944-04-14,M,USA,Florida,Home,4,No,Client,1944-04-14,81,2
C0281,Individual,Katherine,Phillips,1977-03-22,F,USA,California,Home,1,Yes,Agency,1977-03-22,48,1
C0282,Individual,Emily,Owens,1997-10-18,F,USA,California,Investment,1,No,Website,1997-10-18,27,1
C0283,Individual,Susan,Edwards,1962-05-12,F,USA,Arizona,Home,2,Yes,Agency,1962-05-12,63,1
C0284,Individual,Patrick,Owens,1977-02-25,M,USA,Arizona,Home,4,No,Client,1977-02-25,48,2
C0285,Individual,Billy,Parker,1999-03-09,M,France,Ile-de-France,Investment,3,No,Website,1999-03-09,26,2
C0286,Individual,Noah,Brooks,1996-03-24,M,UK,Scotland,Home,1,No,Agency,1996-03-24,29,2
C0287,Individual,Joan,Bell,1990-06-10,F,Australia,New South Wales,Home,5,No,Website,1990-06-10,35,1
C0288,Individual,Kevin,Freeman,1997-11-03,M,USA,Colorado,Investment,4,No,Agency,1997-11-03,27,2
C0289,Individual,Laura,Hayes,1993-06-14,F,USA,California,Investment,5,No,Agency,1993-06-14,32,1
C0290,Individual,Ryan,Watson,1962-01-01,M,USA,California,Home,2,No,Website,1962-01-01,63,2
C0291,Individual,James,Bryant,1953-07-06,M,USA,Nevada,Home,2,No,Agency,1953-07-06,71,2
C0292,Individual,Karen,Watson,1945-12-02,F,USA,California,Home,1,No,Agency,1945-12-02,79,1
C0293,Individual,Ruth,Collins,1993-07-01,F,USA,California,Investment,4,No,Website,1993-07-01,32,1
C0294,Individual,Nicholas,Reyes,1963-07-17,M,USA,Nevada,Home,3,Yes,Website,1963-07-17,61,2
C0295,Individual,Roger,Harris,1967-09-07,M,Russia,Tatarstan,Home,3,No,Agency,1967-09-07,57,2
C0296,Individual,Mark,Young,1984-04-06,M,Canada,Manitoba,Home,1,Yes,Client,1984-04-06,41,0
C0297,Individual,Julia,Murray,1972-11-19,F,UK,Wales,Investment,5,No,Agency,1972-11-19,52,1
C0298,Individual,Sarah,Patterson,1972-11-10,F,USA,Oregon,Home,3,No,Website,1972-11-10,52,1
C0299,Individual,Barbara,Davis,1977-05-03,F,UK,Wales,Home,5,No,Agency,1977-05-03,48,1
C0300,Individual,Zachary,Peterson,1959-04-11,M,Canada,Alberta,Home,5,Yes,Website,1959-04-11,66,2
C0301,Individual,Lisa,Alexander,1959-03-02,F,USA,Virginia,Home,4,No,Agency,1959-03-02,66,1
C0302,Individual,Maria,Edwards,1976-07-25,F,USA,Utah,Investment,1,No,Agency,1976-07-25,48,1
C0303,Individual,Betty,Owens,1957-07-10,F,USA,Virginia,Investment,5,Yes,Website,1957-07-10,67,1
C0304,Individual,Patrick,Morris,1959-12-22,M,USA,California,Investment,1,No,Agency,1959-12-22,65,2
C0305,Individual,Emily,Kim,1995-11-22,F,USA,Arizona,Home,1,No,Website,1995-11-22,29,1
C0306,Individual,Samuel,Foster,1988-04-05,M,USA,California,Home,1,No,Client,1988-04-05,37,2
C0307,Individual,Samuel,Freeman,1992-10-13,M,USA,California,Home,5,Yes,Client,1992-10-13,32,2
C0308,Individual,Catherine,Roberts,1972-10-10,F,Belgium,Flanders,Investment,4,Yes,Agency,1972-10-10,52,1
C0309,Individual,Stephanie,Cox,1957-10-15,F,USA,Washington,Home,4,No,Agency,1957-10-15,67,1
C0310,Individual,Edward,Weaver,1992-05-02,M,UK,Northern Ireland,Home,3,No,Website,1992-05-02,33,2
C0311,Individual,Justin,Anderson,1952-03-09,M,USA,Georgia,Home,2,No,Website,1952-03-09,73,2
C0312,Individual,Zachary,Cooper,1941-01-14,M,USA,Nevada,Home,3,Yes,Website,1941-01-14,84,2
C0313,Company,Stratos,Co,1974-04-12,M,USA,California,Home,1,No,Agency,1974-04-12,51,3
C0314,Individual,Andrew,Jones,1982-08-23,M,USA,Washington,Investment,4,No,Agency,1982-08-23,42,2
C0315,Individual,Michael,Phillips,1987-03-18,M,Mexico,Baja California,Investment,5,No,Website,1987-03-18,38,2
C0316,Individual,Brandon,Martin,1997-04-14,M,UK,Scotland,Investment,4,Yes,Website,1997-04-14,28,2
C0317,Individual,Amber,Hansen,1999-11-17,F,USA,California,Investment,2,Yes,Website,1999-11-17,25,1
C0318,Individual,Amy,Peterson,1974-03-22,F,Germany,Berlin,Home,5,No,Website,1974-03-22,51,1
C0319,Company,Zynex,Co,1995-11-12,F,USA,Texas,Home,5,Yes,Website,1995-11-12,29,3
C0320,Individual,Tyler,Cox,1984-12-01,M,USA,Texas,Home,3,Yes,Client,1984-12-01,40,2
C0321,Individual,Jesse,Cook,1992-01-12,M,USA,California,Investment,2,No,Agency,1992-01-12,33,2
C0322,Individual,Deborah,Moore,1996-12-25,F,USA,California,Home,2,Yes,Website,1996-12-25,28,1
C0323,Individual,Samantha,Hayes,1975-09-16,F,USA,California,Investment,2,Yes,Website,1975-09-16,49,1
C0324,Individual,Raymond,Parker,1993-06-14,M,USA,Washington,Home,4,No,Website,1993-06-14,32,2
C0325,Individual,Maria,Flores,1983-02-24,F,USA,California,Home,5,Yes,Agency,1983-02-24,42,1
C0326,Individual,Daniel,Reed,1958-05-10,M,USA,Oregon,Investment,4,Yes,Agency,1958-05-10,67,2
C0327,Individual,Elizabeth,Ward,1961-07-09,F,UK,Scotland,Home,1,No,Agency,1961-07-09,63,1
C0328,Individual,William,Young,1946-10-22,M,USA,California,Home,1,Yes,Client,1946-10-22,78,2
C0329,Individual,Diane,Morales,1998-10-05,F,Germany,Hesse,Home,3,No,Agency,1998-10-05,26,1
C0330,Individual,Christian,Richardson,1975-06-21,M,USA,California,Home,1,No,Website,1975-06-21,50,2
C0331,Individual,Ann,Martin,1984-05-23,F,USA,California,Investment,3,No,Agency,1984-05-23,41,1
C0332,Individual,Christopher,Price,1989-12-15,M,USA,Texas,Investment,3,No,Website,1989-12-15,35,2
C0333,Individual,Helen,Hall,1955-12-23,F,UK,Wales,Home,3,No,Website,1955-12-23,69,1
C0334,Individual,Andrew,Roberts,1950-08-01,M,USA,Arizona,Investment,3,No,Agency,1950-08-01,74,2
C0335,Individual,Charles,Morris,1975-12-24,M,USA,Arizona,Home,4,No,Website,1975-12-24,49,2
C0336,Individual,Karen,Price,1971-11-17,F,USA,California,Investment,5,No,Agency,1971-11-17,53,1
C0337,Individual,Nathan,Alexander,1942-01-27,M,USA,Arizona,Home,3,Yes,Website,1942-01-27,83,2
C0338,Individual,Patrick,Flores,1943-05-28,M,USA,California,Home,5,Yes,Website,1943-05-28,82,2
C0339,Individual,Keith,King,1963-10-05,M,USA,Utah,Investment,5,No,Agency,1963-10-05,61,2
C0340,Individual,Daniel,Garcia,1940-11-25,M,USA,California,Investment,2,No,Agency,1940-11-25,84,2
C0341,Individual,Carl,Chavez,1982-11-10,M,USA,California,Investment,4,No,Agency,1982-11-10,42,2
C0342,Individual,Kevin,Hughes,1974-08-15,M,USA,California,Investment,2,No,Client,1974-08-15,50,2
C0343,Individual,Joyce,Thompson,1952-06-17,F,USA,California,Home,2,No,Website,1952-06-17,73,1
C0344,Individual,Joshua,Jackson,1997-05-13,M,Canada,British Columbia,Home,2,Yes,Website,1997-05-13,28,2
C0345,Individual,Stephanie,Hall,1969-09-15,F,USA,New York,Home,4,Yes,Website,1969-09-15,55,1
C0346,Individual,Amy,Nelson,1963-06-02,F,USA,California,Home,5,No,Agency,1963-06-02,62,1
C0347,Individual,Mark,Reyes,1992-05-24,M,USA,Washington,Home,3,Yes,Website,1992-05-24,33,2
C0348,Individual,Jack,Pierce,1982-02-13,M,USA,Colorado,Investment,5,Yes,Agency,1982-02-13,43,2
C0349,Individual,Paul,Jackson,1975-06-26,M,USA,Arizona,Home,2,Yes,Agency,1975-06-26,50,2
C0350,Individual,Richard,Jones,1992-12-11,M,USA,Arizona,Home,2,No,Agency,1992-12-11,32,2
C0351,Individual,Michelle,Watson,1961-12-27,F,USA,Oregon,Home,5,No,Agency,1961-12-27,63,1
C0352,Individual,Judith,Williams,1977-06-22,F,USA,Nevada,Investment,3,No,Agency,1977-06-22,48,1
C0353,Individual,Anna,Murray,1964-04-24,F,USA,Arizona,Home,2,No,Agency,1964-04-24,61,1
C0354,Individual,Kimberly,Turner,1998-10-23,F,USA,California,Home,4,No,Website,1998-10-23,26,1
C0355,Individual,Henry,Alexander,1951-10-16,M,Mexico,Baja California,Investment,1,No,Website,1951-10-16,73,2
C0356,Individual,Andrea,Kim,1976-06-06,F,USA,Georgia,Home,3,No,Website,1976-06-06,49,1
C0357,Individual,Danielle,Griffin,1988-04-09,F,USA,California,Home,3,No,Website,1988-04-09,37,1
C0358,Individual,Katherine,Griffin,1978-09-26,F,Australia,New South Wales,Home,3,Yes,Agency,1978-09-26,46,1
C0359,Individual,Julie,Cooper,1951-03-10,F,USA,California,Investment,1,No,Agency,1951-03-10,74,1
C0360,Individual,Laura,Baker,1948-09-09,F,USA,Utah,Home,2,Yes,Agency,1948-09-09,76,1
C0361,Individual,Nicholas,Miller,1958-09-08,M,UK,England,Home,1,Yes,Website,1958-09-08,66,2
C0362,Individual,Betty,Moore,2000-09-06,F,USA,Utah,Home,4,No,Website,2000-09-06,24,1
C0363,Individual,Christine,Edwards,1959-01-25,F,USA,Utah,Investment,2,No,Client,1959-01-25,66,1
C0364,Individual,George,Gray,1944-03-02,M,USA,Texas,Home,2,No,Website,1944-03-02,81,2
C0365,Individual,Brandon,Morales,1962-02-11,M,USA,Colorado,Investment,5,No,Agency,1962-02-11,63,2
C0366,Individual,Keith,Long,1983-04-26,M,USA,California,Home,4,No,Website,1983-04-26,42,2
C0367,Individual,Samuel,Collins,1964-11-25,M,USA,California,Investment,4,No,Agency,1964-11-25,60,2
C0368,Individual,Betty,Scott,1992-08-11,F,USA,California,Home,4,Yes,Agency,1992-08-11,32,1
C0369,Individual,Helen,Murray,1954-10-01,F,USA,Utah,Home,2,Yes,Agency,1954-10-01,70,1
C0370,Individual,Michelle,Brooks,1957-09-23,F,Russia,Krasnodar Krai,Home,1,No,Website,1957-09-23,67,1
C0371,Individual,Ryan,Moore,1970-03-15,M,Belgium,Wallonia,Investment,3,No,Agency,1970-03-15,55,2
C0372,Individual,Teresa,Nelson,1952-04-22,F,Belgium,Flanders,Investment,1,No,Agency,1952-04-22,73,1
C0373,Individual,Karen,Morales,1993-01-27,F,USA,Georgia,Home,2,No,Agency,1993-01-27,32,1
C0374,Individual,Madison,Hughes,1993-11-07,F,Australia,New South Wales,Investment,4,Yes,Agency,1993-11-07,31,1
C0375,Individual,Kyle,Thompson,1968-07-15,M,USA,California,Investment,4,No,Website,1968-07-15,56,2
C0376,Individual,Shirley,Smith,1953-04-19,F,USA,California,Home,3,No,Website,1953-04-19,72,1
C0377,Individual,Charles,Patterson,1998-05-14,M,USA,Washington,Home,4,No,Website,1998-05-14,27,2
C0378,Individual,Heather,Anderson,1957-11-28,F,USA,California,Investment,3,Yes,Website,1957-11-28,67,1
C0379,Company,Optima,Co,1977-04-22,M,USA,California,Investment,2,Yes,Client,1977-04-22,48,3
C0380,Individual,Evelyn,Chavez,1973-09-13,F,USA,California,Home,3,Yes,Website,1973-09-13,51,1
C0381,Individual,David,Gray,1961-01-08,M,USA,California,Home,5,Yes,Agency,1961-01-08,64,2
C0382,Individual,Nicholas,Garcia,1975-08-08,M,USA,California,Investment,1,Yes,Agency,1975-08-08,49,2
C0383,Company,Novex,Co,1985-11-09,F,Mexico,Mexico City,Investment,3,No,Agency,1985-11-09,39,3
C0384,Individual,Amy,Stewart,1944-03-22,F,USA,California,Home,3,Yes,Website,1944-03-22,81,1
C0385,Individual,Douglas,Owens,1969-01-12,M,UK,Northern Ireland,Investment,4,No,Website,1969-01-12,56,2
C0386,Individual,Carol,Stewart,1976-03-25,F,USA,Colorado,Home,2,No,Client,1976-03-25,49,1
C0387,Individual,Jessica,Owens,1974-07-18,F,USA,California,Home,2,Yes,Website,1974-07-18,50,1
C0388,Individual,Zachary,Cox,1995-09-24,M,USA,California,Home,4,No,Agency,1995-09-24,29,2
C0389,Individual,Ronald,Stone,1954-11-18,M,USA,Colorado,Home,3,No,Website,1954-11-18,70,2
C0390,Individual,Steven,Griffin,1942-04-23,M,Canada,Quebec,Investment,2,No,Website,1942-04-23,83,2
C0391,Individual,Heather,Long,1966-11-12,F,USA,California,Home,5,No,Agency,1966-11-12,58,1
C0392,Individual,Katherine,Adams,1977-06-14,F,USA,Arizona,Home,2,Yes,Website,1977-06-14,48,1
C0393,Individual,Nicole,Allen,1988-06-08,F,USA,Arizona,Home,4,No,Agency,1988-06-08,37,1
C0394,Individual,Shirley,Foster,1954-11-24,F,USA,Colorado,Home,3,Yes,Website,1954-11-24,70,1
C0395,Individual,Deborah,Chavez,1959-01-17,F,USA,Florida,Home,1,No,Website,1959-01-17,66,1
C0396,Individual,Charles,Allen,2000-04-17,M,USA,Nevada,Home,5,No,Agency,2000-04-17,25,2
C0397,Individual,Hannah,Williams,2000-09-18,F,USA,California,Home,5,No,Website,2000-09-18,24,1
C0398,Individual,Jennifer,Alexander,1948-12-22,F,USA,Texas,Home,1,Yes,Agency,1948-12-22,76,1
C0399,Individual,Albert,Kim,1984-06-09,M,USA,California,Home,4,No,Agency,1984-06-09,41,2
C0400,Individual,Brandon,Anderson,1959-11-25,M,USA,California,Home,4,No,Agency,1959-11-25,65,2
C0401,Individual,Brian,Anderson,1969-07-21,M,USA,Arizona,Home,5,Yes,Website,1969-07-21,55,2
C0402,Individual,Brenda,Garcia,1941-02-22,F,USA,Georgia,Home,5,No,Website,1941-02-22,84,1
C0403,Individual,Jennifer,Adams,1963-03-25,F,Australia,New South Wales,Home,1,No,Website,1963-03-25,62,1
C0404,Individual,Sara,Cook,1976-12-05,F,France,Normandy,Investment,1,No,Client,1976-12-05,48,1
C0405,Company,Horizon,Co,1969-12-25,M,USA,Colorado,Home,1,No,Agency,1969-12-25,55,3
C0406,Individual,Christine,Brown,1960-05-26,F,USA,Colorado,Home,3,No,Website,1960-05-26,65,1
C0407,Individual,Lisa,Freeman,1982-04-23,F,USA,California,Home,2,No,Client,1982-04-23,43,1
C0408,Individual,Tyler,Rogers,1977-02-03,M,USA,California,Home,3,No,Website,1977-02-03,48,2
C0409,Individual,Timothy,Reyes,1972-09-18,M,USA,Nevada,Home,1,Yes,Website,1972-09-18,52,2
C0410,Individual,Diane,Johnson,1982-07-13,F,Russia,Saint Petersburg,Home,5,Yes,Agency,1982-07-13,42,1
C0411,Individual,Amanda,Moore,1983-05-09,F,USA,California,Home,2,No,Website,1983-05-09,42,1
C0412,Individual,Karen,Richardson,1984-04-24,F,UK,Scotland,Home,5,No,Website,1984-04-24,41,1
C0413,Individual,Brandon,Smith,1940-07-11,M,Canada,British Columbia,Home,3,No,Website,1940-07-11,84,2
C0414,Individual,Brandon,Reed,1962-12-07,M,USA,California,Home,4,No,Website,1962-12-07,62,2
C0415,Individual,Grace,Turner,1980-07-09,F,USA,Nevada,Home,5,Yes,Agency,1980-07-09,44,1
C0416,Company,Bravada,Co,1981-07-28,M,Germany,North Rhine-Westphalia,Investment,5,Yes,Client,1981-07-28,43,3
C0417,Individual,Peter,Collins,1947-12-03,M,USA,Utah,Home,2,No,Website,1947-12-03,77,2
C0418,Individual,Douglas,Howard,1996-08-20,M,USA,Arizona,Home,5,No,Agency,1996-08-20,28,2
C0419,Individual,Jack,Hansen,1962-11-03,M,USA,Washington,Home,3,Yes,Agency,1962-11-03,62,2
C0420,Individual,Debra,Reyes,1994-01-04,F,USA,California,Home,5,No,Agency,1994-01-04,31,1
C0421,Individual,Zachary,Cox,1975-08-25,M,Germany,Hesse,Investment,5,Yes,Website,1975-08-25,49,2
C0422,Company,Telnox,Co,1973-11-13,F,USA,California,Home,1,Yes,Client,1973-11-13,51,3
C0423,Individual,Rachel,Sanders,1950-04-17,F,USA,California,Home,1,No,Client,1950-04-17,75,1
C0424,Individual,Sarah,Stewart,1998-12-04,F,USA,Florida,Home,1,No,Website,1998-12-04,26,1
C0425,Individual,Gerald,Wright,1965-03-11,M,USA,Nevada,Home,2,No,Agency,1965-03-11,60,2
C0426,Individual,Julie,Brown,1953-10-07,F,USA,Oregon,Home,4,Yes,Client,1953-10-07,71,1
C0427,Individual,Sarah,Peterson,1994-09-06,F,USA,California,Home,4,Yes,Website,1994-09-06,30,1
C0428,Individual,Gloria,Rogers,1962-07-20,F,USA,Oregon,Home,3,No,Agency,1962-07-20,62,1
C0429,Individual,Danielle,Stone,1995-11-05,F,USA,California,Home,3,Yes,Website,1995-11-05,29,1
C0430,Individual,Roger,Wood,1974-10-05,M,USA,Nevada,Home,2,No,Agency,1974-10-05,50,2
C0431,Individual,Austin,King,1969-05-05,M,USA,California,Home,5,Yes,Website,1969-05-05,56,2
C0432,Company,Grandis,Co,1995-02-17,M,USA,California,Home,5,No,Agency,1995-02-17,30,3
C0433,Individual,Ruth,Hughes,1969-03-03,F,USA,California,Investment,2,Yes,Website,1969-03-03,56,1
C0434,Individual,Amanda,Sanders,1964-12-25,F,Russia,Tatarstan,Home,5,No,Website,1964-12-25,60,1
C0435,Individual,Sara,Richardson,1966-01-25,F,Australia,New South Wales,Home,5,Yes,Website,1966-01-25,59,1
C0436,Individual,Brandon,Jones,1972-05-12,M,USA,Colorado,Home,2,Yes,Client,1972-05-12,53,2
C0437,Individual,Danielle,James,1990-10-05,F,USA,Texas,Home,1,No,Website,1990-10-05,34,1
C0438,Individual,Gregory,Collins,1982-10-09,M,USA,Georgia,Investment,1,Yes,Client,1982-10-09,42,2
C0439,Individual,Larry,Thompson,1956-03-08,M,USA,Virginia,Home,2,No,Agency,1956-03-08,69,2
C0440,Individual,Lawrence,Parker,1960-07-13,M,USA,California,Investment,1,No,Agency,1960-07-13,64,2
C0441,Individual,Joan,Foster,1980-10-01,F,Russia,Krasnodar Krai,Investment,1,No,Agency,1980-10-01,44,1
C0442,Individual,Sarah,Hansen,1975-04-14,F,USA,Colorado,Home,3,Yes,Website,1975-04-14,50,1
C0443,Individual,Noah,Foster,1950-06-22,M,Denmark,Capital Region,Home,1,Yes,Agency,1950-06-22,75,2
C0444,Individual,Jennifer,Martin,1941-03-15,F,USA,California,Home,2,No,Website,1941-03-15,84,1
C0445,Individual,Michelle,Evans,1995-11-12,F,USA,California,Home,2,Yes,Website,1995-11-12,29,1
C0446,Individual,Douglas,Thomas,1955-02-01,M,USA,Colorado,Home,2,No,Website,1955-02-01,70,2
C0447,Individual,Patricia,Johnson,1956-06-27,F,USA,New York,Home,2,No,Website,1956-06-27,69,1
C0448,Individual,Mark,White,1980-06-10,M,USA,Nevada,Investment,2,No,Agency,1980-06-10,45,2
C0449,Individual,Jordan,King,1972-06-24,M,USA,Oregon,Investment,2,No,Agency,1972-06-24,53,2
C0450,Individual,Matthew,Jackson,1992-02-19,M,Mexico,Nuevo Leon,Home,3,No,Website,1992-02-19,33,2
C0451,Individual,Larry,Anderson,1985-09-20,M,Canada,Alberta,Investment,5,Yes,Client,1985-09-20,39,2
C0452,Individual,Brandon,Adams,1967-10-17,M,USA,Washington,Home,3,No,Website,1967-10-17,57,2
C0453,Individual,Carl,Wood,1993-04-16,M,UK,Scotland,Investment,1,No,Website,1993-04-16,32,2
C0454,Company,Altira,Co,1961-04-01,F,USA,Nevada,Investment,4,No,Agency,1961-04-01,64,3
C0455,Individual,Karen,Williams,1963-02-01,F,USA,California,Home,1,No,Agency,1963-02-01,62,1
C0456,Individual,Virginia,Brooks,1995-11-18,F,USA,Oregon,Home,3,Yes,Website,1995-11-18,29,1
C0457,Individual,Kenneth,Hansen,1980-07-19,M,UK,Wales,Investment,1,No,Agency,1980-07-19,44,2
C0458,Individual,Thomas,Turner,1995-07-04,M,USA,Oregon,Investment,1,No,Agency,1995-07-04,29,2
C0459,Individual,Steven,Johnson,1955-03-23,M,USA,California,Home,3,No,Agency,1955-03-23,70,2
C0460,Individual,Amanda,Cox,1992-12-25,F,USA,Virginia,Home,1,No,Website,1992-12-25,32,1
C0461,Individual,Jonathan,Peterson,1960-02-16,M,USA,Arizona,Home,1,No,Agency,1960-02-16,65,2
C0462,Individual,Eric,White,1943-10-22,M,Australia,Victoria,Home,2,No,Agency,1943-10-22,81,2
C0463,Individual,Nicholas,Garcia,1970-06-13,M,USA,California,Home,5,No,Client,1970-06-13,55,2
C0464,Individual,Gregory,Turner,1974-12-11,M,USA,Florida,Home,5,No,Website,1974-12-11,50,2
C0465,Individual,George,Carter,1949-09-02,M,USA,California,Home,3,No,Website,1949-09-02,75,2
C0466,Individual,Patricia,Cox,1988-05-19,F,USA,Virginia,Investment,2,No,Website,1988-05-19,37,1
C0467,Individual,Rebecca,Chavez,1952-04-05,F,USA,Ohio,Home,1,Yes,Agency,1952-04-05,73,1
C0468,Individual,Raymond,Smith,1952-11-13,M,Mexico,Jalisco,Investment,3,Yes,Website,1952-11-13,72,2
C0469,Individual,Adam,Foster,1997-03-23,M,USA,California,Home,2,No,Website,1997-03-23,28,2
C0470,Individual,Joan,Anderson,1963-02-17,F,USA,Oregon,Home,1,No,Agency,1963-02-17,62,1
C0471,Individual,Gary,Collins,1984-06-26,M,USA,Utah,Investment,3,No,Agency,1984-06-26,41,2
C0472,Individual,Edward,Moore,1951-10-04,M,USA,California,Home,4,No,Website,1951-10-04,73,2
C0473,Individual,Sharon,Price,1981-08-09,F,USA,California,Home,3,No,Agency,1981-08-09,43,1
C0474,Individual,Gregory,Young,1995-12-08,M,USA,Nevada,Home,1,No,Website,1995-12-08,29,2
C0475,Individual,William,Brooks,1946-08-18,M,Belgium,Wallonia,Investment,2,Yes,Agency,1946-08-18,78,2
C0476,Individual,Steven,Johnson,1997-04-05,M,USA,Florida,Home,3,No,Agency,1997-04-05,28,2
C0477,Individual,Jesse,Stone,1984-02-01,M,USA,California,Investment,4,Yes,Website,1984-02-01,41,2
C0478,Individual,Ashley,Garcia,1940-08-02,F,USA,Ohio,Investment,4,No,Website,1940-08-02,84,1
C0479,Individual,Virginia,Wright,1978-04-06,F,USA,California,Home,2,Yes,Agency,1978-04-06,47,1
C0480,Individual,Scott,Bryant,1974-09-16,M,USA,California,Home,4,Yes,Website,1974-09-16,50,2
C0481,Individual,Sean,Williams,1976-12-12,M,USA,Arizona,Home,3,No,Agency,1976-12-12,48,2
C0482,Individual,Deborah,Brown,1980-10-08,F,USA,New York,Investment,3,Yes,Agency,1980-10-08,44,1
C0483,Individual,Kevin,Jackson,1985-11-08,M,USA,Arizona,Investment,1,No,Website,1985-11-08,39,2
C0484,Individual,Janet,Wright,1989-04-19,F,USA,Texas,Investment,3,No,Website,1989-04-19,36,1
C0485,Individual,Julia,Morales,1991-10-07,F,USA,Arizona,Home,2,No,Website,1991-10-07,33,1
C0486,Individual,Billy,Carter,1999-09-16,M,USA,California,Investment,2,Yes,Website,1999-09-16,25,2
C0487,Individual,Jessica,Williams,1991-10-23,F,USA,Washington,Home,5,No,Website,1991-10-23,33,1
C0488,Individual,Megan,Jackson,1979-05-11,F,USA,California,Investment,4,No,Agency,1979-05-11,46,1
C0489,Individual,Austin,Jordan,1950-06-08,M,Germany,Berlin,Investment,2,No,Website,1950-06-08,75,2
C0490,Individual,Emily,Wright,1954-01-23,F,USA,Nevada,Investment,5,Yes,Website,1954-01-23,71,1
C0491,Individual,Noah,White,1941-08-05,M,USA,Washington,Home,2,No,Website,1941-08-05,83,2
C0492,Individual,Raymond,Price,2000-05-07,M,USA,Utah,Home,3,Yes,Website,2000-05-07,25,2
C0493,Individual,Tyler,Hughes,1954-07-06,M,USA,Colorado,Home,3,No,Website,1954-07-06,70,2
C0494,Individual,Grace,Carter,1990-08-03,F,USA,California,Home,3,Yes,Website,1990-08-03,34,1
C0495,Individual,Jerry,Hall,1954-02-18,M,USA,California,Investment,5,No,Client,1954-02-18,71,2
C0496,Individual,Billy,Reyes,1990-01-04,M,USA,California,Home,4,No,Agency,1990-01-04,35,2
C0497,Individual,Emma,Stewart,1985-02-02,F,USA,Arizona,Investment,4,Yes,Website,1985-02-02,40,1
C0498,Individual,Nancy,Collins,1948-11-21,F,Canada,Alberta,Home,2,Yes,Website,1948-11-21,76,1
C0499,Individual,Lisa,Patterson,1946-02-10,F,USA,Colorado,Home,3,Yes,Agency,1946-02-10,79,1
C0500,Individual,Dennis,Howard,1977-03-15,M,USA,California,Home,4,Yes,Website,1977-03-15,48,2
C0501,Individual,Kenneth,Jackson,1995-11-12,M,USA,Nevada,Investment,5,Yes,Agency,1995-11-12,29,2
C0502,Individual,Madison,Gray,1966-11-28,F,USA,Arizona,Home,4,No,Website,1966-11-28,58,1
C0503,Individual,Keith,Peterson,1943-09-26,M,USA,Utah,Investment,2,Yes,Client,1943-09-26,81,2
C0504,Individual,Jeffrey,Green,1992-01-14,M,USA,Utah,Home,2,No,Website,1992-01-14,33,2
C0505,Individual,Katherine,Wilson,1995-07-18,F,USA,Arizona,Home,3,No,Agency,1995-07-18,29,1
C0506,Individual,Albert,Stone,1967-07-04,M,USA,California,Home,5,No,Agency,1967-07-04,57,2
C0507,Individual,Mark,Morales,1951-02-26,M,USA,New York,Home,3,No,Website,1951-02-26,74,2
C0508,Individual,Grace,Weaver,1970-01-06,F,USA,Nevada,Home,5,No,Agency,1970-01-06,55,1
C0509,Individual,Aaron,Cook,1956-04-02,M,Belgium,Wallonia,Home,3,No,Website,1956-04-02,69,2
C0510,Individual,Samantha,Evans,1947-08-28,F,France,Brittany,Investment,1,Yes,Website,1947-08-28,77,1
C0511,Individual,Christine,Parker,1954-07-20,F,UK,England,Home,2,No,Website,1954-07-20,70,1
C0512,Individual,Hannah,Flores,1945-06-27,F,USA,Arizona,Home,1,No,Client,1945-06-27,80,1
C0513,Individual,Christian,Morales,1999-03-07,M,USA,Florida,Home,2,Yes,Agency,1999-03-07,26,2
C0514,Individual,Rebecca,Evans,1977-08-17,F,USA,Oregon,Home,1,Yes,Website,1977-08-17,47,1
C0515,Individual,Melissa,Patterson,1963-09-12,F,USA,California,Home,1,Yes,Website,1963-09-12,61,1
C0516,Individual,Lawrence,Nelson,1946-04-21,M,USA,Utah,Home,3,No,Website,1946-04-21,79,2
C0517,Individual,Harold,Thompson,1959-03-20,M,USA,California,Home,5,No,Client,1959-03-20,66,2
C0518,Company,Lumina,Co,1962-05-22,F,USA,New York,Home,3,No,Website,1962-05-22,63,3
C0519,Individual,Madison,Freeman,1975-10-04,F,USA,Arizona,Investment,3,No,Agency,1975-10-04,49,1
C0520,Individual,Helen,White,1970-02-11,F,USA,Oregon,Home,3,Yes,Agency,1970-02-11,55,1
C0521,Individual,Stephanie,Allen,1967-04-02,F,Canada,British Columbia,Home,3,No,Website,1967-04-02,58,1
C0522,Individual,Nicole,Campbell,1942-07-13,F,USA,Virginia,Home,5,No,Agency,1942-07-13,82,1
C0523,Individual,Cynthia,Hansen,1960-08-22,F,USA,Colorado,Home,2,No,Agency,1960-08-22,64,1
C0524,Individual,Harold,Thompson,1953-05-24,M,USA,Washington,Home,3,No,Website,1953-05-24,72,2
C0525,Individual,Frank,Gray,1950-06-12,M,USA,Arizona,Home,4,Yes,Agency,1950-06-12,75,2
C0526,Individual,Harold,Green,1968-02-28,M,Germany,Bavaria,Home,5,No,Website,1968-02-28,57,2
C0527,Individual,Andrew,Baker,1979-07-19,M,USA,California,Home,2,No,Website,1979-07-19,45,2
C0528,Individual,Benjamin,Davis,2000-08-09,M,USA,Washington,Investment,2,No,Client,2000-08-09,24,2
C0529,Individual,Paul,Jordan,1973-11-14,M,USA,Nevada,Home,4,Yes,Website,1973-11-14,51,2
C0530,Individual,Patricia,Reed,1952-09-07,F,USA,Utah,Home,2,Yes,Agency,1952-09-07,72,1
C0531,Individual,Emily,White,1976-09-19,F,USA,California,Home,1,No,Website,1976-09-19,48,1
C0532,Individual,Lauren,Moore,1979-08-12,F,Belgium,Flanders,Home,2,No,Website,1979-08-12,45,1
C0533,Individual,Jeffrey,Williams,1963-09-06,M,USA,Nevada,Investment,1,No,Agency,1963-09-06,61,2
C0534,Individual,Bryan,Miller,1958-02-21,M,USA,California,Investment,1,No,Agency,1958-02-21,67,2
C0535,Individual,Judith,Allen,1987-12-22,F,UK,Wales,Home,3,No,Agency,1987-12-22,37,1
C0536,Individual,Brittany,Weaver,1956-03-14,F,USA,Arizona,Investment,5,Yes,Website,1956-03-14,69,1
C0537,Individual,Carl,Baker,1962-04-25,M,USA,Florida,Home,2,No,Client,1962-04-25,63,2
C0538,Individual,Richard,Pierce,1969-04-23,M,USA,California,Home,1,Yes,Agency,1969-04-23,56,2
C0539,Individual,Lawrence,Bryant,1991-02-25,M,USA,California,Investment,1,Yes,Agency,1991-02-25,34,2
C0540,Individual,Anna,Long,1997-02-27,F,USA,New York,Home,3,No,Agency,1997-02-27,28,1
C0541,Individual,Anthony,Garcia,2000-03-22,M,UK,Northern Ireland,Home,3,No,Agency,2000-03-22,25,2
C0542,Company,Lumina,Co,1985-09-26,M,Mexico,Mexico City,Home,3,No,Website,1985-09-26,39,3
C0543,Individual,Joan,Parker,1947-07-23,F,USA,Texas,Home,2,Yes,Website,1947-07-23,77,1
C0544,Individual,Kevin,White,1974-10-16,M,USA,Utah,Home,2,No,Website,1974-10-16,50,2
C0545,Individual,Paul,Griffin,1942-08-04,M,USA,Colorado,Home,1,Yes,Agency,1942-08-04,82,2
C0546,Individual,Samuel,Flores,1967-12-23,M,Canada,Manitoba,Home,4,No,Client,1967-12-23,57,0
C0547,Individual,Diane,Allen,1947-09-20,F,USA,California,Investment,2,No,Agency,1947-09-20,77,1
C0548,Individual,Christopher,Foster,1980-04-11,M,USA,California,Home,2,No,Agency,1980-04-11,45,2
C0549,Individual,Daniel,Sanders,1972-10-15,M,USA,Florida,Home,4,No,Website,1972-10-15,52,2
C0550,Company,Vertex,Co,1967-04-09,F,USA,Nevada,Home,1,No,Agency,1967-04-09,58,3
C0551,Individual,Billy,Freeman,1960-05-17,M,USA,California,Investment,4,No,Website,1960-05-17,65,2
C0552,Individual,Kyle,Cook,1965-10-20,M,USA,Virginia,Investment,3,No,Agency,1965-10-20,59,2
C0553,Individual,James,Bell,1978-11-26,M,USA,Arizona,Home,3,No,Website,1978-11-26,46,2
C0554,Individual,Carl,Moore,1948-12-24,M,Australia,Victoria,Home,1,Yes,Agency,1948-12-24,76,2
C0555,Individual,Aaron,Nelson,1971-04-23,M,USA,California,Investment,4,Yes,Agency,1971-04-23,54,2
C0556,Individual,Zachary,Sanders,1958-10-17,M,USA,Colorado,Home,5,No,Website,1958-10-17,66,2
C0557,Individual,Judy,Griffin,1941-09-25,F,USA,Utah,Investment,2,No,Website,1941-09-25,83,1
C0558,Individual,Cheryl,Wood,1974-10-23,F,Denmark,North Denmark,Home,3,No,Website,1974-10-23,50,1
C0559,Company,Corvus,Co,1969-08-18,M,USA,California,Home,5,No,Client,1969-08-18,55,3
C0560,Individual,Janice,Nelson,1988-04-20,F,Australia,South Australia,Home,3,No,Website,1988-04-20,37,1
C0561,Company,Bravada,Co,1962-11-20,F,USA,Arizona,Investment,3,No,Website,1962-11-20,62,3
C0562,Individual,Judy,Peterson,1940-11-23,F,USA,Utah,Investment,5,Yes,Website,1940-11-23,84,1
C0563,Individual,William,Howard,1991-01-22,M,USA,California,Home,2,Yes,Agency,1991-01-22,34,2
C0564,Individual,Scott,Adams,1952-09-02,M,USA,Texas,Home,1,No,Agency,1952-09-02,72,2
C0565,Individual,Austin,Wood,1985-09-26,M,France,Brittany,Home,1,No,Website,1985-09-26,39,2
C0566,Individual,Janice,Miller,2000-12-09,F,USA,Oregon,Investment,4,Yes,Agency,2000-12-09,24,1
C0567,Individual,Megan,Chavez,1953-10-07,F,Russia,Saint Petersburg,Investment,2,Yes,Agency,1953-10-07,71,1
C0568,Individual,Timothy,Wright,1953-09-04,M,USA,California,Home,3,No,Website,1953-09-04,71,2
C0569,Individual,Mary,Cook,1971-12-05,F,USA,California,Home,5,Yes,Client,1971-12-05,53,1
C0570,Individual,Hannah,Peterson,1965-06-03,F,France,Occitanie,Home,5,Yes,Website,1965-06-03,60,1
C0571,Individual,Adam,Chavez,1966-07-03,M,USA,California,Home,3,No,Website,1966-07-03,58,2
C0572,Individual,Ann,Johnson,1993-11-12,F,USA,California,Investment,5,No,Website,1993-11-12,31,1
C0573,Company,Altira,Co,1977-04-24,M,USA,Georgia,Home,4,Yes,Agency,1977-04-24,48,3
C0574,Individual,Gerald,Cox,1968-09-15,M,USA,California,Home,2,No,Agency,1968-09-15,56,2
C0575,Individual,Brian,Hansen,1966-01-21,M,USA,California,Investment,2,No,Website,1966-01-21,59,2
C0576,Individual,Terry,Reyes,1959-02-24,M,Germany,Hamburg,Home,1,No,Client,1959-02-24,66,2
C0577,Individual,Christopher,Miller,1989-05-18,M,USA,Arizona,Home,3,No,Website,1989-05-18,36,2
C0578,Individual,Lauren,Rogers,1999-07-22,F,USA,Arizona,Home,5,Yes,Client,1999-07-22,25,1
C0579,Individual,Christopher,Ward,1941-09-04,M,USA,Texas,Investment,3,No,Website,1941-09-04,83,2
C0580,Individual,Heather,Watson,1948-11-01,F,USA,California,Home,2,Yes,Client,1948-11-01,76,1
C0581,Individual,Kimberly,Stewart,1957-12-21,F,USA,California,Investment,5,Yes,Website,1957-12-21,67,1
C0582,Individual,Teresa,Pierce,1940-02-10,F,USA,Washington,Investment,3,Yes,Website,1940-02-10,85,1
C0583,Individual,Kevin,Scott,1986-10-27,M,USA,California,Home,2,No,Agency,1986-10-27,38,2
C0584,Individual,Janice,Taylor,1982-11-03,F,USA,California,Home,5,No,Website,1982-11-03,42,1
C0585,Individual,Anthony,Edwards,1961-02-07,M,USA,Colorado,Home,3,No,Agency,1961-02-07,64,2
C0586,Individual,Noah,Morales,1977-06-14,M,USA,California,Home,2,Yes,Client,1977-06-14,48,2
C0587,Individual,Pamela,Richardson,1992-11-24,F,USA,New York,Home,4,No,Website,1992-11-24,32,1
C0588,Individual,Janice,White,1989-11-20,F,USA,Florida,Home,2,No,Website,1989-11-20,35,1
C0589,Individual,Christopher,Williams,1946-09-21,M,USA,Texas,Investment,5,No,Client,1946-09-21,78,2
C0590,Individual,Arthur,Campbell,1966-09-16,M,UK,Scotland,Investment,2,No,Website,1966-09-16,58,2
C0591,Individual,Dorothy,Long,1968-09-03,F,USA,Nevada,Home,1,No,Website,1968-09-03,56,1
C0592,Individual,Roger,Moore,1972-03-06,M,USA,Arizona,Investment,2,No,Client,1972-03-06,53,2
C0593,Individual,Elizabeth,Carter,1952-08-08,F,USA,California,Home,2,Yes,Agency,1952-08-08,72,1
C0594,Individual,Diane,Patterson,1942-08-02,F,USA,Utah,Home,1,No,Agency,1942-08-02,82,1
C0595,Individual,Anna,Murray,1966-10-06,F,USA,Utah,Home,3,No,Agency,1966-10-06,58,1
C0596,Individual,Gerald,Phillips,1976-04-17,M,USA,Nevada,Home,4,No,Agency,1976-04-17,49,2
C0597,Individual,Peter,King,1986-02-17,M,UK,Northern Ireland,Home,2,Yes,Website,1986-02-17,39,2
C0598,Individual,Jacob,Gray,1949-06-24,M,USA,Colorado,Investment,4,No,Website,1949-06-24,76,2
C0599,Individual,Jennifer,Turner,1998-03-19,F,Canada,Alberta,Home,2,No,Agency,1998-03-19,27,1
C0600,Individual,Thomas,King,1984-03-17,M,USA,Oregon,Investment,1,No,Client,1984-03-17,41,2
C0601,Individual,Lisa,Nelson,1972-10-16,F,USA,California,Home,4,No,Website,1972-10-16,52,1
C0602,Individual,Albert,Hayes,1984-03-24,M,Germany,Bavaria,Home,4,No,Agency,1984-03-24,41,2
C0603,Individual,Diane,Thompson,1994-01-07,F,USA,New York,Home,4,Yes,Agency,1994-01-07,31,1
C0604,Individual,Danielle,Montgomery,1998-09-17,F,Belgium,Wallonia,Home,1,No,Agency,1998-09-17,26,1
C0605,Individual,Nathan,Flores,1974-06-28,M,USA,Utah,Home,4,Yes,Agency,1974-06-28,51,2
C0606,Individual,Carolyn,Stone,1949-12-25,F,France,Ile-de-France,Investment,1,No,Website,1949-12-25,75,1
C0607,Individual,Daniel,Edwards,1962-09-14,M,USA,California,Home,1,No,Agency,1962-09-14,62,2
C0608,Individual,Jerry,Adams,1956-06-14,M,USA,California,Home,4,No,Agency,1956-06-14,69,2
C0609,Individual,Julia,Richardson,1961-05-22,F,USA,Washington,Home,4,No,Agency,1961-05-22,64,1
C0610,Individual,Ann,Owens,1970-05-10,F,USA,California,Investment,4,No,Website,1970-05-10,55,1
C0611,Individual,Jacob,Price,1950-12-06,M,USA,California,Home,4,No,Agency,1950-12-06,74,2
C0612,Individual,Kevin,Wood,1960-01-26,M,USA,Florida,Home,4,No,Agency,1960-01-26,65,2
C0613,Individual,Cynthia,Cox,1995-10-02,F,Australia,Victoria,Home,4,No,Agency,1995-10-02,29,1
C0614,Individual,George,Bryant,1972-01-07,M,UK,Wales,Home,3,Yes,Website,1972-01-07,53,2
C0615,Individual,Jordan,King,1957-01-12,M,USA,Utah,Home,2,Yes,Website,1957-01-12,68,2
C0616,Individual,Julie,Brooks,1963-04-17,F,USA,Virginia,Investment,1,Yes,Agency,1963-04-17,62,1
C0617,Individual,Carolyn,Evans,1986-10-07,F,USA,Ohio,Home,5,Yes,Website,1986-10-07,38,1
C0618,Individual,Austin,Taylor,1968-05-11,M,USA,Texas,Home,3,No,Agency,1968-05-11,57,2
C0619,Individual,Heather,Morales,1970-04-25,F,USA,Washington,Home,4,No,Website,1970-04-25,55,1
C0620,Individual,Sarah,Howard,1960-04-22,F,France,Brittany,Home,3,No,Website,1960-04-22,65,1
C0621,Individual,Jonathan,Turner,1982-02-13,M,Germany,Bavaria,Investment,3,Yes,Agency,1982-02-13,43,2
C0622,Individual,Katherine,Ward,1987-10-09,F,USA,Washington,Investment,2,No,Client,1987-10-09,37,1
C0623,Individual,Jonathan,Adams,1986-04-27,M,USA,Florida,Investment,3,Yes,Client,1986-04-27,39,2
C0624,Individual,Carl,Jordan,2000-09-02,M,USA,Nevada,Investment,3,No,Agency,2000-09-02,24,2
C0625,Individual,Deborah,Hayes,1983-07-08,F,Belgium,Flanders,Investment,2,Yes,Agency,1983-07-08,41,1
C0626,Individual,Sara,Jones,1968-06-13,F,Germany,Hamburg,Investment,2,No,Website,1968-06-13,57,1
C0627,Individual,Katherine,Johnson,2000-11-07,F,USA,Arizona,Home,3,No,Agency,2000-11-07,24,1
C0628,Individual,Arthur,Campbell,1985-05-16,M,Canada,British Columbia,Home,3,Yes,Agency,1985-05-16,40,2
C0629,Individual,Maria,Richardson,1946-07-09,F,USA,California,Investment,2,No,Agency,1946-07-09,78,1
C0630,Individual,Stephen,Roberts,1965-07-28,M,USA,California,Home,2,No,Website,1965-07-28,59,2
C0631,Individual,Dorothy,Flores,1966-12-11,F,USA,California,Home,5,No,Website,1966-12-11,58,1
C0632,Individual,Thomas,Nelson,1948-05-16,M,UK,Northern Ireland,Home,4,No,Website,1948-05-16,77,2
C0633,Individual,Ann,Owens,1941-05-12,F,USA,Nevada,Home,3,No,Agency,1941-05-12,84,1
C0634,Individual,Justin,Ward,1980-11-17,M,USA,Washington,Investment,4,Yes,Website,1980-11-17,44,2
C0635,Individual,Kimberly,King,1960-06-14,F,UK,Scotland,Investment,5,No,Website,1960-06-14,65,1
C0636,Individual,Kathleen,Rogers,1980-11-10,F,France,Brittany,Home,5,No,Website,1980-11-10,44,1
C0637,Individual,Catherine,Stone,1967-08-14,F,USA,California,Home,2,No,Website,1967-08-14,57,1
C0638,Individual,Jason,King,1975-02-04,M,USA,Ohio,Home,5,Yes,Website,1975-02-04,50,2
C0639,Individual,Mark,Campbell,1961-03-03,M,UK,Scotland,Home,3,Yes,Website,1961-03-03,64,2
C0640,Individual,Emily,Thompson,1967-03-01,F,USA,Utah,Home,3,No,Agency,1967-03-01,58,1
C0641,Company,Zynex,Co,1994-02-26,M,USA,Arizona,Home,2,No,Agency,1994-02-26,31,3
C0642,Individual,Julia,Reyes,1967-11-21,F,USA,California,Home,4,No,Website,1967-11-21,57,1
C0643,Individual,Samantha,Richardson,1974-05-05,F,USA,California,Home,5,No,Website,1974-05-05,51,1
C0644,Individual,Teresa,Johnson,1956-08-25,F,USA,California,Home,4,Yes,Agency,1956-08-25,68,1
C0645,Individual,Arthur,Cox,1988-07-18,M,USA,Nevada,Home,2,No,Client,1988-07-18,36,2
C0646,Individual,Cynthia,Campbell,1995-07-21,F,USA,Arizona,Investment,5,No,Agency,1995-07-21,29,1
C0647,Individual,Victoria,Green,1946-02-06,F,USA,California,Home,4,No,Agency,1946-02-06,79,1
C0648,Individual,Stephanie,Reed,1999-03-02,F,USA,California,Home,1,Yes,Website,1999-03-02,26,1
C0649,Individual,Patricia,Mitchell,1995-03-01,F,USA,California,Home,4,No,Agency,1995-03-01,30,1
C0650,Company,Polaris,Co,1976-02-19,M,France,Occitanie,Home,3,Yes,Client,1976-02-19,49,3
C0651,Company,Horizon,Co,1993-01-14,M,USA,Washington,Home,1,No,Agency,1993-01-14,32,3
C0652,Individual,Heather,Johnson,1993-12-08,F,USA,Washington,Home,2,No,Website,1993-12-08,31,1
C0653,Individual,Gerald,Adams,1970-07-22,M,USA,Ohio,Home,2,No,Client,1970-07-22,54,2
C0654,Individual,Eric,Griffin,1960-05-07,M,USA,New York,Home,2,Yes,Website,1960-05-07,65,2
C0655,Individual,Patricia,King,1950-05-19,F,USA,Nevada,Home,1,Yes,Agency,1950-05-19,75,1
C0656,Individual,Amber,Allen,1977-02-08,F,USA,Colorado,Home,5,No,Client,1977-02-08,48,1
C0657,Individual,Alexander,Allen,1956-09-26,M,USA,California,Home,2,No,Agency,1956-09-26,68,2
C0658,Individual,Kelly,Green,1999-12-13,F,USA,Virginia,Home,3,Yes,Agency,1999-12-13,25,1
C0659,Individual,Sara,Foster,1988-10-06,F,USA,California,Home,4,Yes,Agency,1988-10-06,36,1
C0660,Individual,Charles,Kim,1991-08-10,M,USA,Arizona,Home,4,Yes,Client,1991-08-10,33,2
C0661,Individual,Deborah,Williams,1961-06-25,F,Canada,Manitoba,Home,3,No,Website,1961-06-25,64,0
C0662,Individual,Stephanie,Kim,1957-08-25,F,USA,California,Investment,3,No,Website,1957-08-25,67,1
C0663,Individual,Anthony,Flores,1958-02-02,M,USA,California,Home,2,Yes,Agency,1958-02-02,67,2
C0664,Individual,Lawrence,Wood,1958-08-17,M,Canada,Alberta,Investment,5,Yes,Website,1958-08-17,66,2
C0665,Individual,Robert,Adams,1959-08-27,M,USA,Colorado,Investment,1,No,Agency,1959-08-27,65,2
C0666,Individual,Maria,Davis,1948-10-09,F,USA,California,Investment,1,No,Website,1948-10-09,76,1
C0667,Individual,Anthony,Mitchell,1966-07-07,M,USA,Arizona,Investment,2,No,Agency,1966-07-07,58,2
C0668,Individual,Margaret,Peterson,1978-11-15,F,France,Ile-de-France,Investment,4,Yes,Website,1978-11-15,46,1
C0669,Individual,Cheryl,Bell,1958-03-18,F,Canada,British Columbia,Home,3,No,Agency,1958-03-18,67,1
C0670,Company,Altira,Co,1976-06-18,M,USA,Nevada,Investment,4,No,Website,1976-06-18,49,3
C0671,Individual,Jerry,Pierce,1941-12-09,M,USA,Colorado,Home,4,Yes,Client,1941-12-09,83,2
C0672,Individual,Amber,Williams,1967-03-10,F,USA,California,Home,2,No,Website,1967-03-10,58,1
C0673,Individual,Janice,Hayes,1965-10-19,F,USA,California,Home,4,No,Website,1965-10-19,59,1
C0674,Individual,Judy,Turner,1986-05-26,F,USA,California,Investment,4,No,Website,1986-05-26,39,1
C0675,Individual,Andrea,Wright,1969-12-23,F,USA,Texas,Home,5,No,Website,1969-12-23,55,1
C0676,Individual,Lisa,Davis,1942-06-12,F,USA,Nevada,Home,2,No,Agency,1942-06-12,83,1
C0677,Individual,Jerry,Miller,1981-09-02,M,USA,Arizona,Investment,2,No,Agency,1981-09-02,43,2
C0678,Individual,Joseph,Watson,1972-10-19,M,USA,California,Home,4,Yes,Website,1972-10-19,52,2
C0679,Individual,Lisa,Patterson,1964-12-02,F,USA,Nevada,Home,1,No,Agency,1964-12-02,60,1
C0680,Individual,Andrew,Griffin,1965-04-16,M,USA,Utah,Investment,2,No,Agency,1965-04-16,60,2
C0681,Company,Helios,Co,1977-04-25,F,USA,California,Home,3,No,Agency,1977-04-25,48,3
C0682,Individual,Donald,Bennett,1973-06-12,M,USA,California,Home,5,No,Website,1973-06-12,52,2
C0683,Individual,Patrick,Jordan,1948-08-20,M,USA,Colorado,Home,2,Yes,Agency,1948-08-20,76,2
C0684,Individual,Donald,Miller,1985-10-05,M,USA,California,Home,1,No,Agency,1985-10-05,39,2
C0685,Individual,Sharon,Hansen,1987-04-18,F,USA,Washington,Home,5,No,Agency,1987-04-18,38,1
C0686,Individual,Michael,Howard,1963-11-17,M,USA,California,Home,1,Yes,Website,1963-11-17,61,2
C0687,Individual,Susan,Long,1959-01-03,F,USA,Utah,Home,3,Yes,Website,1959-01-03,66,1
C0688,Individual,Kathleen,Howard,1968-12-04,F,USA,Colorado,Investment,5,Yes,Website,1968-12-04,56,1
C0689,Individual,Ann,Williams,1998-04-17,F,USA,California,Home,4,No,Website,1998-04-17,27,1
C0690,Individual,Janet,Stewart,1985-09-09,F,USA,Oregon,Home,4,Yes,Agency,1985-09-09,39,1
C0691,Individual,Kenneth,Bell,1943-07-22,M,USA,California,Investment,4,No,Agency,1943-07-22,81,2
C0692,Individual,Adam,Roberts,1964-03-14,M,USA,Georgia,Investment,3,No,Agency,1964-03-14,61,2
C0693,Individual,Jesse,Chavez,1957-04-28,M,USA,California,Investment,5,Yes,Agency,1957-04-28,68,2
C0694,Company,Sterling,Co,1989-07-13,M,UK,Scotland,Investment,2,No,Website,1989-07-13,35,3
C0695,Individual,Timothy,Rogers,1947-03-24,M,USA,Washington,Home,4,No,Website,1947-03-24,78,2
C0696,Individual,Carol,Green,1994-03-06,F,USA,Washington,Investment,5,Yes,Agency,1994-03-06,31,1
C0697,Individual,Bryan,Mitchell,1986-11-01,M,USA,California,Investment,4,Yes,Agency,1986-11-01,38,2
C0698,Individual,Maria,Scott,1946-07-16,F,USA,California,Home,2,Yes,Website,1946-07-16,78,1
C0699,Individual,Stephen,Bennett,1986-12-22,M,USA,Washington,Home,1,Yes,Agency,1986-12-22,38,2
C0700,Individual,Christine,Sanders,1944-04-14,F,USA,Washington,Home,5,No,Website,1944-04-14,81,1
C0701,Individual,Danielle,Peterson,1962-09-17,F,UK,England,Investment,1,No,Website,1962-09-17,62,1
C0702,Individual,Nicholas,Flores,1966-07-24,M,USA,Arizona,Home,5,No,Agency,1966-07-24,58,2
C0703,Company,Elara,Co,1984-05-15,M,USA,Colorado,Home,3,No,Website,1984-05-15,41,3
C0704,Individual,Nicole,Jordan,1942-01-23,F,USA,Georgia,Home,4,No,Agency,1942-01-23,83,1
C0705,Individual,Timothy,Murray,1940-12-18,M,USA,Nevada,Home,3,No,Website,1940-12-18,84,2
C0706,Individual,Kyle,Thomas,1984-06-23,M,UK,England,Investment,2,No,Client,1984-06-23,41,2
C0707,Individual,Zachary,Richardson,1995-09-23,M,USA,Virginia,Home,5,Yes,Website,1995-09-23,29,2
C0708,Individual,Brian,Cook,1964-11-28,M,USA,California,Home,2,No,Client,1964-11-28,60,2
C0709,Individual,Samantha,Price,1982-11-06,F,USA,Georgia,Home,2,Yes,Agency,1982-11-06,42,1
C0710,Individual,Kyle,Bryant,1946-08-18,M,USA,Oregon,Home,2,Yes,Agency,1946-08-18,78,2
C0711,Individual,Victoria,Hughes,1995-10-20,F,USA,California,Investment,3,No,Agency,1995-10-20,29,1
C0712,Individual,Joseph,Scott,1991-01-21,M,USA,California,Home,1,No,Agency,1991-01-21,34,2
C0713,Individual,Debra,Thomas,1997-02-14,F,USA,California,Investment,3,No,Agency,1997-02-14,28,1
C0714,Individual,Kyle,Murray,1977-01-03,M,Russia,Saint Petersburg,Home,3,No,Website,1977-01-03,48,2
C0715,Individual,Janice,Wilson,1982-08-05,F,USA,Utah,Home,3,No,Website,1982-08-05,42,1
C0716,Individual,Jordan,Davis,1994-10-24,M,UK,Northern Ireland,Home,1,No,Client,1994-10-24,30,2
C0717,Individual,Virginia,Weaver,1946-06-09,F,USA,Arizona,Investment,3,Yes,Agency,1946-06-09,79,1
C0718,Individual,Martha,Scott,1944-10-08,F,France,Ile-de-France,Home,2,Yes,Website,1944-10-08,80,1
C0719,Individual,Jason,Jordan,1974-07-02,M,USA,California,Investment,2,Yes,Agency,1974-07-02,50,2
C0720,Individual,Shirley,Wilson,1981-05-17,F,USA,California,Investment,1,Yes,Agency,1981-05-17,44,1
C0721,Individual,Julia,Jordan,1999-03-07,F,USA,Florida,Home,4,No,Website,1999-03-07,26,1
C0722,Individual,Carol,Sanders,1943-09-11,F,USA,Texas,Home,1,No,Website,1943-09-11,81,1
C0723,Individual,Ann,Hansen,1999-04-19,F,Germany,North Rhine-Westphalia,Home,3,Yes,Website,1999-04-19,26,1
C0724,Individual,Samuel,Howard,1960-09-27,M,USA,Arizona,Investment,4,Yes,Agency,1960-09-27,64,2
C0725,Individual,Katherine,Jones,1983-07-03,F,USA,New York,Home,3,No,Website,1983-07-03,41,1
C0726,Individual,Melissa,Harris,1977-01-25,F,USA,Georgia,Home,4,No,Website,1977-01-25,48,1
C0727,Individual,Ronald,Bell,1941-08-24,M,USA,California,Investment,3,Yes,Client,1941-08-24,83,2
C0728,Individual,Jason,Jones,1971-07-23,M,USA,California,Home,3,Yes,Agency,1971-07-23,53,2
C0729,Individual,Raymond,Long,1944-01-04,M,USA,Washington,Investment,3,Yes,Agency,1944-01-04,81,2
C0730,Individual,Gregory,Baker,1988-05-09,M,USA,California,Investment,4,No,Website,1988-05-09,37,2
C0731,Individual,Larry,Harris,2000-10-18,M,USA,California,Home,5,No,Agency,2000-10-18,24,2
C0732,Individual,Justin,Peterson,1985-03-03,M,USA,Oregon,Home,5,No,Website,1985-03-03,40,2
C0733,Individual,Susan,White,1976-01-03,F,USA,Nevada,Home,5,No,Agency,1976-01-03,49,1
C0734,Individual,Danielle,Ward,1981-06-27,F,USA,Virginia,Investment,5,Yes,Client,1981-06-27,44,1
C0735,Individual,Matthew,Long,1994-08-10,M,Germany,Hesse,Investment,4,No,Website,1994-08-10,30,2
C0736,Individual,Jordan,Campbell,1942-06-13,M,USA,Utah,Investment,3,No,Agency,1942-06-13,83,2
C0737,Individual,Harold,Harris,1978-08-15,M,USA,California,Investment,3,No,Agency,1978-08-15,46,2
C0738,Individual,Jose,White,1980-09-21,M,USA,Texas,Home,5,No,Website,1980-09-21,44,2
C0739,Individual,Albert,Turner,1965-03-16,M,USA,California,Home,2,No,Agency,1965-03-16,60,2
C0740,Individual,Julia,Bell,1966-12-08,F,USA,Utah,Investment,1,No,Client,1966-12-08,58,1
C0741,Individual,Sandra,Stone,1962-08-11,F,USA,California,Home,2,No,Website,1962-08-11,62,1
C0742,Individual,Bryan,Howard,1980-08-21,M,UK,Wales,Home,1,Yes,Website,1980-08-21,44,2
C0743,Individual,Joshua,Allen,1972-09-10,M,USA,Oregon,Investment,4,Yes,Website,1972-09-10,52,2
C0744,Individual,Helen,Morales,1950-11-10,F,USA,Virginia,Home,1,No,Website,1950-11-10,74,1
C0745,Individual,Emily,Collins,1997-06-18,F,USA,California,Investment,5,No,Website,1997-06-18,28,1
C0746,Individual,Gary,Reyes,1956-10-13,M,UK,Scotland,Home,4,No,Website,1956-10-13,68,2
C0747,Individual,George,Patterson,1992-04-18,M,USA,Florida,Home,4,Yes,Website,1992-04-18,33,2
C0748,Company,Vantage,Co,1974-03-05,F,USA,California,Home,1,Yes,Client,1974-03-05,51,3
C0749,Individual,Dorothy,Anderson,1992-11-26,F,USA,New York,Home,5,No,Agency,1992-11-26,32,1
C0750,Individual,Janice,Price,1976-06-08,F,USA,Nevada,Investment,1,No,Agency,1976-06-08,49,1
C0751,Individual,Keith,Parker,1974-09-19,M,USA,California,Home,5,No,Client,1974-09-19,50,2
C0752,Individual,Lisa,Young,1954-12-17,F,Belgium,Brussels,Investment,3,No,Agency,1954-12-17,70,1
C0753,Individual,Nicholas,Patterson,1960-12-22,M,Germany,Hamburg,Home,5,No,Website,1960-12-22,64,2
C0754,Individual,Teresa,Johnson,1970-08-17,F,USA,Arizona,Investment,3,No,Website,1970-08-17,54,1
C0755,Company,Celera,Co,1967-12-23,F,USA,California,Home,5,No,Website,1967-12-23,57,3
C0756,Individual,Jessica,Patterson,1963-03-19,F,USA,Utah,Home,5,Yes,Website,1963-03-19,62,1
C0757,Individual,Keith,Taylor,1946-05-09,M,USA,Oregon,Home,3,Yes,Website,1946-05-09,79,2
C0758,Individual,Joe,Allen,1958-08-12,M,USA,California,Investment,2,No,Website,1958-08-12,66,2
C0759,Individual,Samuel,Anderson,1991-10-27,M,USA,Florida,Home,4,No,Website,1991-10-27,33,2
C0760,Individual,Amanda,Adams,1964-12-27,F,USA,California,Investment,3,No,Website,1964-12-27,60,1
C0761,Individual,Joyce,Patterson,1981-08-24,F,Belgium,Flanders,Home,2,No,Agency,1981-08-24,43,1
C0762,Individual,Anna,Young,1967-07-01,F,USA,Ohio,Home,4,No,Website,1967-07-01,58,1
C0763,Company,Summit,Co,1971-07-18,F,USA,Georgia,Home,3,No,Agency,1971-07-18,53,3
C0764,Individual,Debra,Parker,1983-02-09,F,UK,Northern Ireland,Investment,4,No,Client,1983-02-09,42,1
C0765,Individual,Joe,Green,1967-06-22,M,France,Brittany,Home,3,No,Website,1967-06-22,58,2
C0766,Individual,Robert,Bennett,1994-09-04,M,Germany,North Rhine-Westphalia,Home,3,Yes,Client,1994-09-04,30,2
C0767,Individual,David,Brown,1961-02-02,M,Canada,British Columbia,Investment,2,No,Agency,1961-02-02,64,2
C0768,Individual,Matthew,Weaver,1992-07-22,M,Denmark,Southern Denmark,Investment,5,Yes,Website,1992-07-22,32,2
C0769,Individual,Nicole,Long,1958-02-21,F,USA,Ohio,Home,4,No,Agency,1958-02-21,67,1
C0770,Individual,Shirley,Hall,1951-02-09,F,Russia,Krasnodar Krai,Home,4,No,Website,1951-02-09,74,1
C0771,Company,Quasar,Co,1984-06-09,M,USA,California,Home,1,No,Website,1984-06-09,41,3
C0772,Individual,Ethan,White,1991-09-25,M,USA,California,Investment,1,No,Client,1991-09-25,33,2
C0773,Individual,Christopher,Taylor,1964-12-09,M,Russia,Saint Petersburg,Home,1,No,Website,1964-12-09,60,2
C0774,Individual,David,Wood,1983-03-23,M,USA,Georgia,Home,5,Yes,Agency,1983-03-23,42,2
C0775,Individual,Andrea,Reyes,1975-12-25,F,USA,Arizona,Home,1,No,Agency,1975-12-25,49,1
C0776,Individual,Ashley,Morales,1966-06-11,F,Germany,Bavaria,Home,4,Yes,Agency,1966-06-11,59,1
C0777,Company,Meridian,Co,1982-05-15,M,USA,Arizona,Home,1,No,Client,1982-05-15,43,3
C0778,Individual,George,Pierce,1998-07-22,M,USA,California,Investment,4,Yes,Agency,1998-07-22,26,2
C0779,Individual,Lisa,Hughes,1953-04-05,F,USA,California,Home,5,Yes,Agency,1953-04-05,72,1
C0780,Individual,Martha,Hansen,1947-08-01,F,USA,California,Home,3,No,Website,1947-08-01,77,1
C0781,Individual,Gerald,Sanders,1940-11-28,M,USA,California,Investment,5,Yes,Website,1940-11-28,84,2
C0782,Individual,Ethan,Williams,1970-10-02,M,USA,Utah,Investment,2,Yes,Website,1970-10-02,54,2
C0783,Individual,Betty,Sanders,1961-03-27,F,Canada,Alberta,Home,1,Yes,Agency,1961-03-27,64,1
C0784,Individual,Charles,Baker,1973-06-26,M,Mexico,Baja California,Investment,4,No,Website,1973-06-26,52,2
C0785,Company,Rexon,Co,1971-03-27,F,USA,California,Home,2,No,Website,1971-03-27,54,3
C0786,Individual,Sarah,Martin,1983-03-25,F,USA,California,Investment,3,No,Website,1983-03-25,42,1
C0787,Individual,Andrew,Jackson,1950-11-20,M,USA,Washington,Home,1,No,Website,1950-11-20,74,2
C0788,Individual,Matthew,Stone,1944-05-14,M,France,Brittany,Investment,4,No,Website,1944-05-14,81,2
C0789,Individual,Madison,Price,1974-04-06,F,Canada,Ontario,Investment,1,No,Website,1974-04-06,51,1
C0790,Individual,Brandon,Cooper,1974-01-18,M,USA,California,Home,5,Yes,Agency,1974-01-18,51,2
C0791,Individual,Walter,Adams,1983-01-07,M,USA,Texas,Home,4,No,Website,1983-01-07,42,2
C0792,Individual,Joseph,Richardson,1982-04-14,M,USA,California,Investment,4,Yes,Website,1982-04-14,43,2
C0793,Individual,Kevin,Brown,1969-09-04,M,USA,New York,Home,4,No,Agency,1969-09-04,55,2
C0794,Individual,Gregory,Mitchell,1951-02-11,M,USA,California,Home,4,Yes,Website,1951-02-11,74,2
C0795,Individual,Harold,Murray,1969-01-14,M,USA,California,Investment,4,Yes,Website,1969-01-14,56,2
C0796,Individual,Stephanie,Ward,1983-04-11,F,USA,California,Investment,5,Yes,Website,1983-04-11,42,1
C0797,Individual,Joan,Gray,1990-06-08,F,USA,Oregon,Home,5,Yes,Agency,1990-06-08,35,1
C0798,Company,Novex,Co,1965-10-21,M,USA,Nevada,Home,4,Yes,Agency,1965-10-21,59,3
C0799,Individual,Pamela,Johnson,1954-07-24,F,USA,California,Home,4,No,Website,1954-07-24,70,1
C0800,Individual,Lawrence,Smith,1974-01-02,M,USA,Virginia,Investment,5,Yes,Website,1974-01-02,51,2
C0801,Individual,Betty,Price,1969-04-03,F,USA,Washington,Home,4,Yes,Website,1969-04-03,56,1
C0802,Individual,Matthew,Williams,1970-11-10,M,USA,Virginia,Home,5,No,Agency,1970-11-10,54,2
C0803,Individual,Evelyn,Moore,1945-12-13,F,USA,Texas,Home,4,No,Agency,1945-12-13,79,1
C0804,Individual,Tyler,Cook,1967-01-10,M,USA,Washington,Home,5,No,Agency,1967-01-10,58,2
C0805,Individual,Albert,Cook,1953-01-17,M,Germany,Berlin,Home,1,Yes,Website,1953-01-17,72,2
C0806,Individual,Jack,Richardson,1989-11-18,M,France,Ile-de-France,Home,5,No,Client,1989-11-18,35,2
C0807,Individual,Amy,Chavez,1993-11-16,F,Mexico,Mexico City,Investment,5,No,Website,1993-11-16,31,1
C0808,Individual,Gregory,Ward,1943-05-17,M,Germany,Berlin,Home,3,Yes,Website,1943-05-17,82,2
C0809,Individual,Hannah,Alexander,1967-02-16,F,France,Occitanie,Home,5,Yes,Agency,1967-02-16,58,1
C0810,Individual,Ronald,Sanders,1995-02-13,M,USA,California,Home,1,Yes,Website,1995-02-13,30,2
C0811,Individual,Carl,Allen,1945-04-17,M,UK,Wales,Home,3,No,Agency,1945-04-17,80,2
C0812,Individual,Harold,Cooper,1974-08-24,M,UK,Northern Ireland,Home,3,Yes,Website,1974-08-24,50,2
C0813,Individual,Gerald,Cook,1974-10-11,M,UK,Scotland,Investment,3,No,Agency,1974-10-11,50,2
C0814,Individual,Joan,Stewart,1964-03-26,F,USA,California,Home,2,No,Website,1964-03-26,61,1
C0815,Company,Horizon,Co,1965-11-06,F,USA,Nevada,Home,4,Yes,Agency,1965-11-06,59,3
C0816,Individual,Deborah,Wright,1947-12-23,F,Germany,Hamburg,Home,2,Yes,Website,1947-12-23,77,1
C0817,Individual,Grace,Thompson,1972-05-12,F,USA,California,Investment,1,No,Website,1972-05-12,53,1
C0818,Company,Sterling,Co,1991-09-08,F,USA,Colorado,Home,2,No,Website,1991-09-08,33,3
C0819,Individual,Jose,Bryant,1951-03-15,M,USA,California,Home,5,No,Website,1951-03-15,74,2
C0820,Individual,Judith,Collins,1940-10-22,F,USA,Texas,Investment,4,No,Agency,1940-10-22,84,1
C0821,Individual,Elizabeth,Moore,1957-09-04,F,USA,California,Home,5,Yes,Agency,1957-09-04,67,1
C0822,Individual,Jessica,Weaver,1959-04-19,F,USA,California,Investment,3,Yes,Website,1959-04-19,66,1
C0823,Individual,Nancy,Hayes,1975-04-16,F,USA,Oregon,Investment,5,Yes,Agency,1975-04-16,50,1
C0824,Individual,Douglas,Cox,1976-06-01,M,USA,California,Home,3,No,Agency,1976-06-01,49,2
C0825,Individual,Ruth,Hughes,1982-03-26,F,Mexico,Nuevo Leon,Home,4,Yes,Agency,1982-03-26,43,1
C0826,Individual,Jason,Stewart,1970-09-11,M,USA,Ohio,Investment,4,Yes,Website,1970-09-11,54,2
C0827,Individual,Ruth,Wright,1965-08-23,F,USA,Washington,Home,2,Yes,Website,1965-08-23,59,1
C0828,Individual,Elizabeth,Stewart,1947-10-10,F,USA,Arizona,Investment,4,Yes,Website,1947-10-10,77,1
C0829,Individual,Jonathan,Stewart,1960-11-16,M,USA,Utah,Investment,3,No,Website,1960-11-16,64,2
C0830,Individual,William,Martin,1952-05-16,M,USA,Oregon,Investment,3,No,Agency,1952-05-16,73,2
C0831,Individual,Judith,Martin,1977-09-24,F,USA,California,Home,2,No,Website,1977-09-24,47,1
C0832,Individual,Dorothy,Ward,1990-01-09,F,USA,Nevada,Investment,3,Yes,Website,1990-01-09,35,1
C0833,Individual,Roger,Green,1951-11-06,M,Denmark,Southern Denmark,Home,5,No,Website,1951-11-06,73,2
C0834,Individual,Helen,Parker,1957-12-23,F,USA,California,Home,5,No,Website,1957-12-23,67,1
C0835,Individual,Maria,Foster,1974-06-06,F,USA,California,Home,5,Yes,Website,1974-06-06,51,1
C0836,Individual,Adam,Sanders,1942-02-04,M,USA,Ohio,Home,4,No,Website,1942-02-04,83,2
C0837,Individual,Peter,Montgomery,1967-06-06,M,France,Brittany,Home,1,No,Website,1967-06-06,58,2
C0838,Individual,Jacob,Morris,1992-04-05,M,USA,Nevada,Investment,1,Yes,Website,1992-04-05,33,2
C0839,Individual,Elizabeth,Baker,1994-01-26,F,UK,England,Home,5,Yes,Agency,1994-01-26,31,1
C0840,Individual,Elizabeth,Wilson,1981-11-01,F,Belgium,Brussels,Home,1,No,Website,1981-11-01,43,1
C0841,Individual,Timothy,Cooper,1999-02-05,M,Belgium,Wallonia,Home,5,No,Website,1999-02-05,26,2
C0842,Individual,Keith,Morales,1996-02-27,M,USA,Washington,Home,5,Yes,Client,1996-02-27,29,2
C0843,Individual,Amanda,Hansen,2000-12-04,F,USA,Georgia,Home,4,No,Agency,2000-12-04,24,1
C0844,Individual,Margaret,Scott,1947-06-13,F,USA,California,Home,2,No,Website,1947-06-13,78,1
C0845,Individual,Ashley,Long,1993-09-05,F,USA,Washington,Home,3,No,Client,1993-09-05,31,1
C0846,Individual,Martha,Harris,1976-05-15,F,Canada,Quebec,Investment,3,No,Agency,1976-05-15,49,1
C0847,Individual,Nicole,James,1988-02-27,F,USA,Utah,Home,2,Yes,Agency,1988-02-27,37,1
C0848,Individual,Aaron,Hughes,1967-11-22,M,USA,California,Home,4,No,Agency,1967-11-22,57,2
C0849,Individual,Brian,Wilson,1977-04-11,M,USA,Oregon,Home,1,Yes,Website,1977-04-11,48,2
C0850,Individual,Judy,Stone,1983-11-13,F,USA,Colorado,Investment,5,No,Agency,1983-11-13,41,1
C0851,Individual,Kyle,White,1993-05-16,M,USA,California,Investment,2,Yes,Website,1993-05-16,32,2
C0852,Individual,Carl,Brown,1989-07-20,M,Germany,North Rhine-Westphalia,Home,2,No,Agency,1989-07-20,35,2
C0853,Individual,Gerald,Bryant,1950-08-07,M,USA,Utah,Home,4,No,Website,1950-08-07,74,2
C0854,Individual,David,Reyes,1944-02-13,M,USA,California,Home,4,No,Website,1944-02-13,81,2
C0855,Individual,Amanda,Foster,1973-03-10,F,Australia,Queensland,Home,4,No,Website,1973-03-10,52,1
C0856,Individual,Janice,Chavez,1964-08-16,F,USA,Florida,Home,5,Yes,Website,1964-08-16,60,1
C0857,Individual,Danielle,Ward,1951-05-11,F,USA,California,Investment,1,Yes,Website,1951-05-11,74,1
C0858,Individual,Samuel,Howard,1994-07-12,M,USA,Nevada,Home,1,No,Website,1994-07-12,30,2
C0859,Individual,Megan,Anderson,1942-12-03,F,USA,California,Home,2,Yes,Agency,1942-12-03,82,1
C0860,Individual,Virginia,Morales,1968-07-09,F,USA,Utah,Home,5,Yes,Website,1968-07-09,56,1
C0861,Individual,Christine,Peterson,1994-08-04,F,France,Brittany,Investment,2,No,Agency,1994-08-04,30,1
C0862,Individual,Amanda,Jordan,1981-06-14,F,USA,Colorado,Investment,1,No,Website,1981-06-14,44,1
C0863,Individual,Brandon,Peterson,1975-04-20,M,Belgium,Wallonia,Home,5,Yes,Agency,1975-04-20,50,2
C0864,Individual,Noah,Kim,1970-07-07,M,USA,Texas,Home,3,No,Website,1970-07-07,54,2
C0865,Individual,Rebecca,Gray,1975-05-20,F,USA,Colorado,Investment,5,Yes,Website,1975-05-20,50,1
C0866,Individual,Lawrence,Bryant,1987-11-27,M,Belgium,Brussels,Home,3,No,Agency,1987-11-27,37,2
C0867,Individual,Julia,Davis,1967-04-12,F,USA,California,Home,2,No,Agency,1967-04-12,58,1
C0868,Individual,Victoria,Rogers,1945-02-21,F,USA,Florida,Home,3,Yes,Agency,1945-02-21,80,1
C0869,Individual,Jose,Roberts,1993-03-07,M,USA,California,Home,4,No,Agency,1993-03-07,32,2
C0870,Company,Harmon,Co,1966-09-01,F,UK,Northern Ireland,Home,2,Yes,Website,1966-09-01,58,3
C0871,Individual,Pamela,Pierce,1989-11-28,F,USA,Virginia,Home,1,Yes,Website,1989-11-28,35,1
C0872,Individual,Sarah,Bennett,1943-06-22,F,UK,England,Home,4,No,Website,1943-06-22,82,1
C0873,Individual,Gerald,Murray,1940-09-09,M,USA,New York,Home,2,No,Website,1940-09-09,84,2
C0874,Individual,Debra,Murray,1953-07-26,F,Belgium,Flanders,Investment,2,No,Website,1953-07-26,71,1
C0875,Individual,Jeffrey,Evans,1972-07-09,M,Canada,Manitoba,Home,4,No,Website,1972-07-09,52,0
C0876,Individual,Benjamin,Chavez,1973-08-22,M,USA,California,Home,3,No,Client,1973-08-22,51,2
C0877,Individual,Jennifer,Weaver,1998-12-22,F,USA,Utah,Investment,2,Yes,Agency,1998-12-22,26,1
C0878,Individual,Ashley,Hansen,1945-04-28,F,USA,Nevada,Home,4,Yes,Website,1945-04-28,80,1
C0879,Individual,Brandon,Adams,1945-03-15,M,UK,Northern Ireland,Home,4,Yes,Website,1945-03-15,80,2
C0880,Individual,Judith,Bennett,1941-06-23,F,USA,New York,Home,2,No,Website,1941-06-23,84,1
C0881,Individual,Ruth,Weaver,1954-09-24,F,USA,Colorado,Investment,1,No,Website,1954-09-24,70,1
C0882,Individual,Peter,Moore,2000-07-07,M,UK,Wales,Home,3,No,Website,2000-07-07,24,2
C0883,Individual,Gerald,Thompson,1946-10-22,M,USA,Texas,Home,4,No,Client,1946-10-22,78,2
C0884,Individual,Joe,Reed,1949-05-07,M,USA,Nevada,Home,2,No,Website,1949-05-07,76,2
C0885,Individual,Michael,Williams,1941-09-21,M,Canada,British Columbia,Investment,2,Yes,Agency,1941-09-21,83,2
C0886,Individual,Joseph,Brooks,1961-07-20,M,USA,California,Home,3,Yes,Agency,1961-07-20,63,2
C0887,Individual,Joan,Bryant,1993-04-23,F,USA,California,Home,3,No,Agency,1993-04-23,32,1
C0888,Individual,Sharon,Montgomery,1987-05-24,F,Germany,Berlin,Home,4,Yes,Website,1987-05-24,38,1
C0889,Individual,Scott,Campbell,1985-10-15,M,USA,Nevada,Investment,4,Yes,Website,1985-10-15,39,2
C0890,Individual,Julie,Nelson,1955-07-23,F,USA,Virginia,Investment,3,Yes,Website,1955-07-23,69,1
C0891,Individual,Raymond,Roberts,1970-06-20,M,Germany,North Rhine-Westphalia,Investment,1,Yes,Website,1970-06-20,55,2
C0892,Individual,Helen,Watson,1958-06-05,F,USA,California,Investment,2,Yes,Website,1958-06-05,67,1
C0893,Individual,Evelyn,Thompson,1995-06-23,F,USA,Colorado,Home,3,Yes,Website,1995-06-23,30,1
C0894,Individual,Carl,Evans,1953-06-14,M,USA,Georgia,Home,5,No,Website,1953-06-14,72,2
C0895,Individual,Amanda,Rogers,1953-08-25,F,USA,Arizona,Investment,4,Yes,Website,1953-08-25,71,1
C0896,Individual,Timothy,Jones,1970-05-06,M,France,Brittany,Home,4,Yes,Agency,1970-05-06,55,2
C0897,Individual,Ann,Foster,1971-08-04,F,Australia,Victoria,Home,1,No,Website,1971-08-04,53,1
C0898,Individual,Deborah,King,1953-09-27,F,USA,Arizona,Investment,5,Yes,Agency,1953-09-27,71,1
C0899,Company,Apex,Co,1988-06-26,F,USA,Washington,Investment,2,No,Website,1988-06-26,37,3
C0900,Individual,Betty,Cook,1999-05-22,F,Germany,North Rhine-Westphalia,Home,4,No,Agency,1999-05-22,26,1
C0901,Individual,Gregory,Allen,1999-02-15,M,France,Brittany,Investment,4,No,Agency,1999-02-15,26,2
C0902,Company,Peerex,Co,1964-02-11,F,UK,Northern Ireland,Home,3,Yes,Agency,1964-02-11,61,3
C0903,Individual,Christine,Morales,1992-04-28,F,USA,Texas,Investment,3,No,Website,1992-04-28,33,1
C0904,Individual,Nancy,Brooks,1984-03-08,F,Russia,Saint Petersburg,Home,1,Yes,Website,1984-03-08,41,1
C0905,Individual,Emma,Allen,1993-05-16,F,USA,Virginia,Home,5,Yes,Website,1993-05-16,32,1
C0906,Individual,Jacqueline,Baker,1969-08-13,F,USA,California,Investment,5,No,Website,1969-08-13,55,1
C0907,Individual,Danielle,Scott,1973-11-14,F,USA,California,Home,3,No,Agency,1973-11-14,51,1
C0908,Individual,Carl,Kim,1960-11-17,M,USA,California,Home,4,Yes,Agency,1960-11-17,64,2
C0909,Individual,Brandon,Turner,1967-07-10,M,USA,California,Investment,1,Yes,Agency,1967-07-10,57,2
C0910,Individual,Victoria,Jackson,1971-11-24,F,USA,Texas,Home,3,Yes,Agency,1971-11-24,53,1
C0911,Individual,Donald,Long,1989-03-27,M,USA,California,Home,4,No,Website,1989-03-27,36,2
C0912,Individual,Christina,Freeman,1949-05-11,F,USA,California,Home,1,No,Agency,1949-05-11,76,1
C0913,Individual,Nathan,Hansen,1999-01-13,M,USA,California,Home,4,No,Agency,1999-01-13,26,2
C0914,Individual,Helen,Freeman,1948-10-12,F,France,Provence,Investment,4,No,Website,1948-10-12,76,1
C0915,Individual,Ronald,Harris,1948-01-23,M,USA,Florida,Home,2,No,Agency,1948-01-23,77,2
C0916,Individual,Nathan,Hansen,1988-02-10,M,Russia,Moscow Oblast,Home,2,No,Website,1988-02-10,37,2
C0917,Individual,Kenneth,Hughes,1969-08-01,M,USA,Arizona,Home,2,Yes,Agency,1969-08-01,55,2
C0918,Individual,Susan,Cook,2000-02-21,F,Australia,Western Australia,Home,4,No,Client,2000-02-21,25,1
C0919,Individual,Barbara,Foster,1975-08-17,F,Canada,Quebec,Investment,5,No,Agency,1975-08-17,49,1
C0920,Individual,Christian,Williams,1973-10-11,M,USA,California,Home,4,No,Website,1973-10-11,51,2
C0921,Individual,Christina,Reyes,1999-03-10,F,Australia,New South Wales,Home,4,No,Agency,1999-03-10,26,1
C0922,Individual,Joe,Bell,1942-10-28,M,Australia,Victoria,Investment,4,Yes,Website,1942-10-28,82,2
C0923,Individual,Ruth,Richardson,1950-08-26,F,USA,Oregon,Home,3,No,Client,1950-08-26,74,1
C0924,Individual,Emily,Wright,1988-03-20,F,USA,California,Home,4,No,Website,1988-03-20,37,1
C0925,Individual,Michael,Ward,1944-05-12,M,Germany,Hamburg,Home,2,No,Website,1944-05-12,81,2
C0926,Individual,Lauren,Harris,1961-04-04,F,USA,California,Home,3,No,Website,1961-04-04,64,1
C0927,Individual,Carol,Hayes,1962-11-04,F,France,Ile-de-France,Home,4,No,Client,1962-11-04,62,1
C0928,Individual,Jordan,Jordan,1950-02-27,M,USA,California,Home,1,Yes,Agency,1950-02-27,75,2
C0929,Individual,Jack,Hall,1954-05-23,M,USA,Washington,Home,4,No,Website,1954-05-23,71,2
C0930,Individual,Debra,Moore,1993-04-15,F,USA,Washington,Investment,1,Yes,Agency,1993-04-15,32,1
C0931,Individual,Daniel,Parker,1977-12-25,M,USA,Nevada,Investment,2,Yes,Client,1977-12-25,47,2
C0932,Individual,Kathleen,Moore,1949-07-14,F,USA,New York,Home,5,No,Website,1949-07-14,75,1
C0933,Individual,Kimberly,Johnson,1955-09-03,F,USA,California,Home,4,No,Website,1955-09-03,69,1
C0934,Individual,Barbara,Allen,1943-10-02,F,UK,Northern Ireland,Investment,5,Yes,Website,1943-10-02,81,1
C0935,Individual,Katherine,Cooper,2000-05-17,F,Canada,Manitoba,Home,4,No,Agency,2000-05-17,25,0
C0936,Individual,Carolyn,Brooks,1951-04-10,F,USA,California,Home,3,No,Client,1951-04-10,74,1
C0937,Individual,Gerald,Chavez,1982-04-03,M,USA,Arizona,Home,5,No,Client,1982-04-03,43,2
C0938,Individual,William,Chavez,1963-05-08,M,Russia,Krasnodar Krai,Home,4,No,Website,1963-05-08,62,2
C0939,Individual,Anna,Alexander,1978-02-02,F,Belgium,Brussels,Investment,1,No,Website,1978-02-02,47,1
C0940,Individual,Kyle,Bell,1985-12-19,M,USA,Virginia,Investment,5,No,Website,1985-12-19,39,2
C0941,Individual,Grace,Moore,1955-07-17,F,Mexico,Jalisco,Home,1,No,Agency,1955-07-17,69,1
C0942,Individual,Joan,Jackson,1991-12-14,F,USA,California,Home,1,No,Website,1991-12-14,33,1
C0943,Individual,Karen,Cox,1957-09-13,F,Canada,Manitoba,Investment,5,No,Website,1957-09-13,67,0
C0944,Individual,Virginia,Hughes,1956-08-24,F,USA,Florida,Home,2,No,Website,1956-08-24,68,1
C0945,Individual,Emily,Hayes,1945-09-04,F,France,Provence,Home,4,No,Website,1945-09-04,79,1
C0946,Individual,Ashley,Weaver,1946-07-04,F,USA,Nevada,Investment,3,Yes,Agency,1946-07-04,78,1
C0947,Individual,Samantha,Cox,1981-05-16,F,USA,Texas,Home,2,No,Website,1981-05-16,44,1
C0948,Individual,Emma,Nelson,1989-12-16,F,USA,California,Investment,3,Yes,Website,1989-12-16,35,1
C0949,Individual,Julia,Price,1943-06-26,F,USA,Colorado,Investment,5,Yes,Client,1943-06-26,82,1
C0950,Individual,Christina,Price,1991-12-11,F,USA,Texas,Investment,5,No,Website,1991-12-11,33,1
C0951,Individual,Rachel,Chavez,1998-11-15,F,Mexico,Nuevo Leon,Home,1,Yes,Client,1998-11-15,26,1
C0952,Individual,Ann,Martin,1959-09-03,F,USA,Oregon,Home,5,No,Website,1959-09-03,65,1
C0953,Company,Helios,Co,1995-10-22,M,USA,Washington,Home,5,Yes,Website,1995-10-22,29,3
C0954,Individual,Michael,Evans,1950-04-08,M,France,Brittany,Investment,4,Yes,Agency,1950-04-08,75,2
C0955,Individual,Megan,Garcia,1969-01-11,F,USA,California,Home,1,No,Website,1969-01-11,56,1
C0956,Individual,Donald,Jackson,1966-03-10,M,USA,California,Home,1,Yes,Website,1966-03-10,59,2
C0957,Company,Crestwood,Co,1961-05-21,M,USA,Oregon,Home,2,Yes,Client,1961-05-21,64,3
C0958,Individual,Betty,Rogers,1991-07-11,F,USA,Nevada,Home,1,Yes,Website,1991-07-11,33,1
C0959,Individual,Carl,Hayes,1952-09-13,M,USA,California,Home,3,No,Agency,1952-09-13,72,2
C0960,Individual,Linda,Bennett,1960-04-01,F,USA,Arizona,Investment,1,Yes,Client,1960-04-01,65,1
C0961,Individual,Brandon,Morales,1974-08-03,M,UK,Wales,Home,2,Yes,Website,1974-08-03,50,2
C0962,Individual,Nicholas,Hansen,1940-07-18,M,USA,California,Home,4,No,Website,1940-07-18,84,2
C0963,Individual,James,Davis,1941-08-09,M,Canada,Alberta,Home,4,No,Agency,1941-08-09,83,2
C0964,Individual,Elizabeth,Hall,1953-09-19,F,USA,California,Home,4,No,Website,1953-09-19,71,1
C0965,Individual,Lauren,Adams,1961-09-26,F,USA,New York,Investment,3,No,Website,1961-09-26,63,1
C0966,Company,Corvus,Co,1995-10-11,M,USA,California,Investment,3,No,Website,1995-10-11,29,3
C0967,Individual,Jennifer,Moore,1959-01-20,F,USA,California,Home,2,No,Agency,1959-01-20,66,1
C0968,Individual,Julie,Hansen,1995-11-21,F,USA,Arizona,Home,4,No,Website,1995-11-21,29,1
C0969,Individual,Amber,Ward,1976-03-27,F,Russia,Tatarstan,Investment,1,Yes,Agency,1976-03-27,49,1
C0970,Individual,Peter,Johnson,1986-12-01,M,Denmark,North Denmark,Home,3,Yes,Website,1986-12-01,38,2
C0971,Individual,Cynthia,Mitchell,1969-06-02,F,USA,Colorado,Investment,5,Yes,Website,1969-06-02,56,1
C0972,Individual,Sandra,Evans,1964-09-16,F,USA,Arizona,Home,5,No,Agency,1964-09-16,60,1
C0973,Individual,Charles,Stone,1992-12-03,M,USA,California,Investment,2,No,Client,1992-12-03,32,2
C0974,Individual,Michael,Hansen,1961-05-22,M,USA,New York,Home,1,No,Agency,1961-05-22,64,2
C0975,Individual,Gregory,Reyes,1946-07-09,M,USA,Utah,Home,4,No,Website,1946-07-09,78,2
C0976,Individual,Ryan,Miller,1983-07-18,M,USA,California,Home,4,Yes,Website,1983-07-18,41,2
C0977,Individual,Ryan,James,1996-04-07,M,USA,California,Home,1,No,Agency,1996-04-07,29,2
C0978,Individual,Lauren,Brown,1963-11-11,F,USA,California,Home,4,Yes,Website,1963-11-11,61,1
C0979,Individual,Madison,Roberts,1940-02-25,F,Canada,Quebec,Investment,4,No,Website,1940-02-25,85,1
C0980,Individual,Daniel,Davis,1942-01-13,M,USA,New York,Investment,1,Yes,Website,1942-01-13,83,2
C0981,Individual,Jessica,Stewart,1961-11-14,F,USA,California,Investment,1,No,Website,1961-11-14,63,1
C0982,Individual,Joyce,Jackson,1961-07-08,F,Canada,Manitoba,Investment,5,Yes,Agency,1961-07-08,63,0
C0983,Individual,Brittany,Freeman,1994-06-21,F,Germany,North Rhine-Westphalia,Home,4,No,Website,1994-06-21,31,1
C0984,Individual,Mark,Johnson,1962-12-03,M,Canada,British Columbia,Home,5,Yes,Agency,1962-12-03,62,2
C0985,Individual,Ruth,Griffin,1954-10-15,F,USA,California,Home,1,Yes,Website,1954-10-15,70,1
C0986,Individual,Jacqueline,Ward,1981-10-18,F,Russia,Saint Petersburg,Home,2,No,Website,1981-10-18,43,1
C0987,Individual,Maria,Johnson,1967-10-22,F,Germany,North Rhine-Westphalia,Home,1,Yes,Agency,1967-10-22,57,1
C0988,Individual,Douglas,Cooper,1988-04-21,M,USA,Texas,Home,3,Yes,Agency,1988-04-21,37,2
C0989,Individual,Amber,Cook,1946-10-19,F,USA,Oregon,Home,4,No,Website,1946-10-19,78,1
C0990,Individual,Carl,Carter,1942-01-21,M,USA,Utah,Home,4,No,Website,1942-01-21,83,2
C0991,Individual,Heather,Adams,1975-03-27,F,USA,Nevada,Home,1,No,Website,1975-03-27,50,1
C0992,Individual,Scott,Hughes,1988-11-19,M,Denmark,Capital Region,Home,1,Yes,Website,1988-11-19,36,2
C0993,Individual,Ryan,Campbell,1954-03-11,M,USA,California,Home,2,Yes,Website,1954-03-11,71,2
C0994,Individual,Michael,Moore,1976-11-26,M,USA,California,Home,3,No,Website,1976-11-26,48,2
C0995,Individual,Amanda,Kim,1949-10-14,F,Australia,New South Wales,Home,1,Yes,Website,1949-10-14,75,1
C0996,Individual,Terry,Howard,1956-06-11,M,Canada,Manitoba,Home,2,Yes,Client,1956-06-11,69,0
C0997,Individual,Terry,Collins,1950-03-11,M,USA,California,Investment,3,Yes,Agency,1950-03-11,75,2
C0998,Company,Grandis,Co,1969-05-06,F,USA,Virginia,Home,4,No,Agency,1969-05-06,56,3
C0999,Individual,Jacqueline,Cox,1969-09-15,F,USA,California,Investment,3,No,Agency,1969-09-15,55,1
C1000,Individual,Judith,Parker,1963-07-21,F,USA,Utah,Home,2,Yes,Website,1963-07-21,61,1
C1001,Individual,Aaron,Nelson,1981-07-13,M,USA,California,Home,3,No,Website,1981-07-13,43,2
C1002,Individual,Scott,Hughes,1967-06-08,M,USA,California,Home,5,No,Website,1967-06-08,58,2
C1003,Individual,Lauren,Bennett,1977-08-11,F,USA,Nevada,Home,2,No,Website,1977-08-11,47,1
C1004,Individual,Alexander,Anderson,1982-09-17,M,USA,Oregon,Home,3,Yes,Website,1982-09-17,42,2
C1005,Individual,Barbara,Chavez,1988-06-07,F,Germany,Hamburg,Home,3,No,Client,1988-06-07,37,1
C1006,Individual,Stephanie,Weaver,1992-12-24,F,USA,Georgia,Home,1,No,Website,1992-12-24,32,1
C1007,Individual,Joyce,Brooks,1948-10-25,F,UK,England,Home,4,No,Agency,1948-10-25,76,1
C1008,Company,Sterling,Co,1987-10-02,M,USA,California,Home,2,No,Website,1987-10-02,37,3
C1009,Individual,Evelyn,Bell,1950-02-11,F,USA,Nevada,Investment,4,Yes,Agency,1950-02-11,75,1
C1010,Individual,Dennis,Moore,1964-03-10,M,Mexico,Jalisco,Home,4,No,Website,1964-03-10,61,2
C1011,Individual,Virginia,Brooks,1952-12-18,F,USA,California,Investment,1,No,Website,1952-12-18,72,1
C1012,Individual,Raymond,Morales,1960-10-20,M,USA,New York,Home,4,Yes,Website,1960-10-20,64,2
C1013,Individual,Stephanie,Patterson,1994-06-19,F,USA,Oregon,Home,1,Yes,Website,1994-06-19,31,1
C1014,Individual,David,Weaver,1969-01-06,M,USA,California,Home,3,Yes,Website,1969-01-06,56,2
C1015,Individual,Kyle,Davis,1977-09-01,M,USA,California,Home,4,Yes,Website,1977-09-01,47,2
C1016,Individual,Andrea,Wilson,1976-04-05,F,USA,California,Home,4,Yes,Agency,1976-04-05,49,1
C1017,Individual,Megan,Baker,1968-12-22,F,USA,California,Home,1,Yes,Agency,1968-12-22,56,1
C1018,Individual,Tiffany,Turner,1967-06-19,F,USA,Colorado,Home,5,Yes,Client,1967-06-19,58,1
C1019,Individual,Carolyn,Stewart,1975-10-27,F,USA,Nevada,Home,2,No,Client,1975-10-27,49,1
C1020,Individual,Deborah,Morales,1994-07-23,F,USA,California,Home,3,No,Agency,1994-07-23,30,1
C1021,Individual,Jeffrey,Bryant,1974-09-04,M,USA,California,Investment,1,No,Client,1974-09-04,50,2
C1022,Individual,Christina,King,1984-04-17,F,USA,Colorado,Home,1,No,Agency,1984-04-17,41,1
C1023,Individual,Heather,Bell,1953-07-28,F,USA,Nevada,Home,1,Yes,Website,1953-07-28,71,1
C1024,Individual,Gregory,Long,1969-08-03,M,USA,Arizona,Investment,2,No,Agency,1969-08-03,55,2
C1025,Individual,Michelle,King,1947-01-20,F,USA,California,Home,1,No,Client,1947-01-20,78,1
C1026,Individual,Robert,Parker,1991-08-12,M,USA,California,Investment,1,No,Agency,1991-08-12,33,2
C1027,Individual,Gerald,White,1976-12-10,M,USA,California,Investment,1,Yes,Client,1976-12-10,48,2
C1028,Individual,Nicholas,Cox,1942-04-07,M,USA,California,Home,1,Yes,Website,1942-04-07,83,2
C1029,Individual,Ryan,Jackson,1949-11-06,M,Australia,Victoria,Home,1,No,Agency,1949-11-06,75,2
C1030,Individual,Christine,Owens,1960-04-20,F,USA,Ohio,Home,4,No,Website,1960-04-20,65,1
C1031,Individual,Alexander,Reed,1989-01-13,M,UK,England,Home,1,No,Website,1989-01-13,36,2
C1032,Individual,Larry,Freeman,1977-01-03,M,USA,Nevada,Home,5,No,Website,1977-01-03,48,2
C1033,Individual,Eric,Jackson,1962-06-21,M,France,Ile-de-France,Home,2,No,Website,1962-06-21,63,2
C1034,Individual,Andrea,Wilson,1979-01-20,F,USA,Colorado,Home,5,No,Client,1979-01-20,46,1
C1035,Individual,Jacob,Williams,1961-02-10,M,USA,Virginia,Home,2,No,Website,1961-02-10,64,2
C1036,Individual,Martha,Collins,1988-03-13,F,USA,Oregon,Home,2,No,Agency,1988-03-13,37,1
C1037,Company,Corvus,Co,1970-01-02,M,Mexico,Baja California,Home,2,Yes,Website,1970-01-02,55,3
C1038,Individual,Gerald,Gray,1959-05-25,M,USA,California,Investment,3,No,Website,1959-05-25,66,2
C1039,Individual,Nicholas,Carter,1962-07-17,M,USA,California,Home,1,Yes,Agency,1962-07-17,62,2
C1040,Individual,Joseph,Young,1940-04-05,M,USA,California,Investment,5,Yes,Website,1940-04-05,85,2
C1041,Individual,Evelyn,Morris,1990-12-07,F,USA,Nevada,Home,5,Yes,Website,1990-12-07,34,1
C1042,Individual,Rebecca,Parker,1945-08-03,F,USA,Nevada,Home,2,No,Agency,1945-08-03,79,1
C1043,Individual,Carol,Griffin,1999-07-14,F,USA,Washington,Home,5,No,Website,1999-07-14,25,1
C1044,Individual,Eric,Howard,1971-05-15,M,USA,Nevada,Investment,5,No,Website,1971-05-15,54,2
C1045,Individual,Rebecca,Allen,1942-04-01,F,USA,New York,Home,3,No,Website,1942-04-01,83,1
C1046,Individual,Maria,Wood,1969-05-21,F,Canada,Quebec,Home,4,Yes,Website,1969-05-21,56,1
C1047,Individual,Ronald,Reyes,1984-12-12,M,USA,Virginia,Home,3,No,Website,1984-12-12,40,2
C1048,Individual,Angela,Turner,1970-01-27,F,USA,Oregon,Investment,1,No,Agency,1970-01-27,55,1
C1049,Individual,Tiffany,Sanders,1940-11-05,F,USA,California,Investment,5,No,Website,1940-11-05,84,1
C1050,Individual,Tyler,Watson,1955-10-03,M,USA,Georgia,Home,4,Yes,Website,1955-10-03,69,2
C1051,Individual,Cheryl,Hansen,1958-07-19,F,USA,Virginia,Home,1,Yes,Agency,1958-07-19,66,1
C1052,Individual,Kimberly,Parker,1953-04-24,F,USA,Utah,Home,1,Yes,Agency,1953-04-24,72,1
C1053,Individual,Adam,Kim,1974-11-10,M,Mexico,Nuevo Leon,Home,2,Yes,Website,1974-11-10,50,2
C1054,Individual,Edward,Foster,1989-09-04,M,USA,Arizona,Home,2,Yes,Website,1989-09-04,35,2
C1055,Individual,Jonathan,Bennett,1972-11-20,M,USA,New York,Investment,2,Yes,Website,1972-11-20,52,2
C1056,Individual,Larry,Wilson,1979-01-19,M,USA,Colorado,Home,1,Yes,Website,1979-01-19,46,2
C1057,Individual,Jesse,Garcia,1994-04-17,M,USA,Nevada,Investment,5,No,Website,1994-04-17,31,2
C1058,Individual,Rachel,Weaver,1973-06-12,F,Germany,Bavaria,Home,3,Yes,Website,1973-06-12,52,1
C1059,Individual,Danielle,Davis,1978-06-26,F,USA,California,Home,4,No,Website,1978-06-26,47,1
C1060,Individual,Christian,Evans,1940-12-25,M,USA,Nevada,Home,5,No,Agency,1940-12-25,84,2
C1061,Individual,Stephanie,Smith,1960-06-01,F,UK,Scotland,Home,1,No,Website,1960-06-01,65,1
C1062,Individual,Billy,Foster,1975-12-20,M,USA,California,Home,4,No,Agency,1975-12-20,49,2
C1063,Individual,Nicole,Weaver,1988-12-05,F,USA,New York,Investment,5,Yes,Website,1988-12-05,36,1
C1064,Individual,Brandon,Pierce,1945-08-06,M,USA,California,Home,5,Yes,Website,1945-08-06,79,2
C1065,Individual,Mark,Reyes,1955-01-06,M,USA,Georgia,Home,3,Yes,Client,1955-01-06,70,2
C1066,Individual,Ashley,Moore,1941-09-21,F,Australia,Victoria,Home,1,No,Website,1941-09-21,83,1
C1067,Individual,Samuel,Howard,1942-12-24,M,Mexico,Jalisco,Investment,4,No,Agency,1942-12-24,82,2
C1068,Individual,Kathleen,Carter,1984-02-10,F,USA,California,Home,3,No,Agency,1984-02-10,41,1
C1069,Individual,Lawrence,Cox,1992-06-13,M,USA,Virginia,Home,3,Yes,Agency,1992-06-13,33,2
C1070,Individual,Virginia,Rogers,1951-06-26,F,Germany,Bavaria,Home,5,No,Agency,1951-06-26,74,1
C1071,Individual,Aaron,Johnson,1966-08-11,M,USA,Texas,Home,2,No,Agency,1966-08-11,58,2
C1072,Individual,Kimberly,Jones,1962-06-10,F,USA,Utah,Home,3,No,Agency,1962-06-10,63,1
C1073,Individual,Carl,Collins,1955-07-02,M,USA,California,Investment,2,No,Website,1955-07-02,70,2
C1074,Individual,George,Foster,1954-07-10,M,UK,Northern Ireland,Home,1,No,Website,1954-07-10,70,2
C1075,Individual,Carolyn,Watson,1975-02-17,F,Mexico,Baja California,Home,3,No,Website,1975-02-17,50,1
C1076,Individual,Betty,Thompson,1980-10-28,F,USA,Florida,Investment,3,No,Agency,1980-10-28,44,1
C1077,Individual,Peter,Griffin,1982-03-07,M,USA,Texas,Investment,2,No,Agency,1982-03-07,43,2
C1078,Individual,Joshua,Howard,1940-07-22,M,USA,Ohio,Home,1,No,Agency,1940-07-22,84,2
C1079,Individual,Steven,Hayes,1959-06-19,M,USA,California,Investment,4,Yes,Website,1959-06-19,66,2
C1080,Individual,Hannah,Stewart,1956-10-06,F,UK,England,Investment,4,No,Agency,1956-10-06,68,1
C1081,Company,Meridian,Co,1974-09-08,M,Russia,Novosibirsk,Home,4,Yes,Agency,1974-09-08,50,3
C1082,Individual,Patricia,Martin,1993-02-04,F,USA,Oregon,Investment,5,Yes,Website,1993-02-04,32,1
C1083,Individual,Pamela,Jackson,1950-10-06,F,USA,Colorado,Investment,4,No,Agency,1950-10-06,74,1
C1084,Individual,Sarah,Hansen,1989-07-27,F,France,Ile-de-France,Home,4,No,Agency,1989-07-27,35,1
C1085,Individual,Sarah,Flores,1947-10-18,F,Australia,Queensland,Investment,1,No,Client,1947-10-18,77,1
C1086,Individual,Timothy,Montgomery,1956-03-01,M,USA,Colorado,Home,1,Yes,Website,1956-03-01,69,2
C1087,Individual,Matthew,Owens,1984-01-03,M,USA,Colorado,Home,3,No,Website,1984-01-03,41,2
C1088,Individual,Nicholas,Stewart,1998-09-26,M,USA,Utah,Home,4,Yes,Agency,1998-09-26,26,2
C1089,Individual,Madison,Ward,1962-09-17,F,USA,Utah,Home,1,Yes,Website,1962-09-17,62,1
C1090,Individual,Laura,Moore,1962-09-07,F,Canada,Alberta,Home,3,Yes,Client,1962-09-07,62,1
C1091,Individual,Arthur,Phillips,1984-07-21,M,USA,Nevada,Home,1,Yes,Agency,1984-07-21,40,2
C1092,Individual,Terry,Adams,1996-11-24,M,USA,Oregon,Investment,2,No,Website,1996-11-24,28,2
C1093,Individual,Adam,Allen,1980-07-13,M,USA,Oregon,Home,1,Yes,Website,1980-07-13,44,2
C1094,Individual,Sarah,Cook,1960-02-12,F,USA,Washington,Home,2,Yes,Website,1960-02-12,65,1
C1095,Individual,Cynthia,Howard,1940-02-26,F,USA,California,Home,3,No,Agency,1940-02-26,85,1
C1096,Individual,Grace,Edwards,1965-05-20,F,USA,New York,Home,2,No,Client,1965-05-20,60,1
C1097,Individual,Teresa,Pierce,1962-07-16,F,Canada,Alberta,Home,3,Yes,Agency,1962-07-16,62,1
C1098,Individual,Paul,Young,1976-10-24,M,USA,California,Investment,3,No,Client,1976-10-24,48,2
C1099,Individual,Joan,Scott,1972-06-26,F,USA,Colorado,Home,3,No,Agency,1972-06-26,53,1
C1100,Individual,Frank,Thomas,1940-05-14,M,Russia,Novosibirsk,Home,1,No,Website,1940-05-14,85,2
C1101,Individual,Matthew,King,1964-01-03,M,Belgium,Flanders,Home,5,No,Website,1964-01-03,61,2
C1102,Company,Harmon,Co,1960-05-06,M,Germany,Berlin,Home,2,No,Agency,1960-05-06,65,3
C1103,Individual,Jose,Johnson,1961-04-27,M,Belgium,Wallonia,Home,4,No,Agency,1961-04-27,64,2
C1104,Individual,Christian,Weaver,1998-10-15,M,USA,Utah,Investment,5,Yes,Website,1998-10-15,26,2
C1105,Individual,Roger,Ward,1940-01-14,M,USA,Nevada,Home,3,Yes,Website,1940-01-14,85,2
C1106,Individual,Sean,Martin,1982-05-16,M,USA,California,Home,1,No,Agency,1982-05-16,43,2
C1107,Individual,Frank,Hayes,1948-01-15,M,Canada,British Columbia,Home,1,No,Website,1948-01-15,77,2
C1108,Individual,Helen,Ward,1994-01-12,F,Australia,South Australia,Home,4,No,Website,1994-01-12,31,1
C1109,Individual,Rebecca,Anderson,1967-09-05,F,USA,California,Home,1,Yes,Client,1967-09-05,57,1
C1110,Individual,Harold,Watson,1977-05-12,M,USA,New York,Home,5,Yes,Website,1977-05-12,48,2
C1111,Company,Corvus,Co,1967-01-23,M,USA,California,Home,4,Yes,Website,1967-01-23,58,3
C1112,Individual,Donald,Green,1982-01-05,M,USA,Nevada,Investment,3,Yes,Website,1982-01-05,43,2
C1113,Individual,Brenda,Martin,1974-08-18,F,USA,Texas,Investment,2,No,Client,1974-08-18,50,1
C1114,Individual,Cheryl,Wood,1992-02-04,F,USA,California,Home,3,No,Website,1992-02-04,33,1
C1115,Individual,Joseph,Bell,1973-10-24,M,USA,Colorado,Home,3,Yes,Agency,1973-10-24,51,2
C1116,Individual,Angela,Freeman,1991-12-17,F,USA,California,Home,1,Yes,Agency,1991-12-17,33,1
C1117,Individual,Rebecca,Patterson,1955-02-23,F,Mexico,Mexico City,Home,5,Yes,Website,1955-02-23,70,1
C1118,Company,Caldera,Co,1969-04-26,M,UK,Scotland,Investment,2,Yes,Website,1969-04-26,56,3
C1119,Individual,Larry,Green,1941-03-14,M,USA,Oregon,Home,1,Yes,Website,1941-03-14,84,2
C1120,Individual,Kathleen,Carter,1979-07-16,F,USA,Arizona,Home,1,No,Website,1979-07-16,45,1
C1121,Individual,Carolyn,Gray,1985-06-02,F,USA,California,Home,1,No,Client,1985-06-02,40,1
C1122,Individual,Judith,Evans,1942-10-04,F,USA,California,Home,4,No,Website,1942-10-04,82,1
C1123,Individual,Robert,Pierce,1951-03-11,M,USA,Virginia,Home,5,No,Agency,1951-03-11,74,2
C1124,Individual,Sharon,Murray,1976-02-04,F,USA,Oregon,Investment,5,Yes,Website,1976-02-04,49,1
C1125,Individual,Ronald,Price,1941-02-03,M,USA,Oregon,Home,3,No,Agency,1941-02-03,84,2
C1126,Company,Elara,Co,1983-02-16,M,USA,Virginia,Home,1,Yes,Website,1983-02-16,42,3
C1127,Individual,Ann,Cooper,1943-06-15,F,UK,England,Investment,1,No,Website,1943-06-15,82,1
C1128,Individual,Brian,Montgomery,1983-12-05,M,USA,California,Investment,1,No,Website,1983-12-05,41,2
C1129,Individual,Martha,Hansen,1945-09-03,F,USA,Colorado,Investment,5,No,Agency,1945-09-03,79,1
C1130,Individual,Tiffany,Parker,1987-03-01,F,USA,Arizona,Home,5,No,Website,1987-03-01,38,1
C1131,Individual,Cheryl,Kim,1984-05-28,F,USA,California,Investment,3,No,Website,1984-05-28,41,1
C1132,Individual,Terry,Roberts,1982-01-21,M,USA,New York,Home,2,Yes,Website,1982-01-21,43,2
C1133,Individual,Jason,Hansen,1993-01-21,M,USA,Oregon,Investment,3,No,Website,1993-01-21,32,2
C1134,Individual,Dorothy,Bennett,1943-10-10,F,USA,California,Investment,1,No,Website,1943-10-10,81,1
C1135,Individual,Melissa,Phillips,1999-09-22,F,Russia,Moscow Oblast,Investment,5,Yes,Client,1999-09-22,25,1
C1136,Individual,Shirley,Weaver,1965-04-27,F,USA,California,Home,3,Yes,Agency,1965-04-27,60,1
C1137,Individual,Carol,Price,1986-12-24,F,USA,Nevada,Home,4,Yes,Agency,1986-12-24,38,1
C1138,Individual,George,Green,1964-08-24,M,USA,Oregon,Home,1,No,Website,1964-08-24,60,2
C1139,Individual,Tiffany,Green,1996-03-03,F,USA,California,Home,4,Yes,Client,1996-03-03,29,1
C1140,Individual,Billy,Jackson,1976-07-01,M,USA,Florida,Home,1,Yes,Website,1976-07-01,49,2
C1141,Individual,Kimberly,Montgomery,2000-01-26,F,USA,Arizona,Investment,3,No,Website,2000-01-26,25,1
C1142,Individual,Julia,Hughes,1948-03-10,F,USA,Colorado,Home,2,Yes,Agency,1948-03-10,77,1
C1143,Individual,Michael,Garcia,1994-09-10,M,USA,Arizona,Home,2,Yes,Website,1994-09-10,30,2
C1144,Individual,Diane,Young,1978-11-10,F,USA,Georgia,Investment,4,No,Client,1978-11-10,46,1
C1145,Individual,Ethan,King,1993-04-04,M,USA,Nevada,Home,5,No,Website,1993-04-04,32,2
C1146,Individual,Richard,Weaver,1991-03-14,M,USA,California,Investment,2,No,Website,1991-03-14,34,2
C1147,Individual,Brittany,Edwards,1978-02-09,F,USA,Utah,Home,3,No,Website,1978-02-09,47,1
C1148,Individual,Joshua,Rogers,1991-07-15,M,Australia,New South Wales,Home,1,Yes,Agency,1991-07-15,33,2
C1149,Individual,Kimberly,Thomas,1980-03-06,F,Russia,Tatarstan,Home,3,No,Agency,1980-03-06,45,1
C1150,Individual,Tiffany,Cook,1992-11-08,F,USA,Nevada,Investment,4,No,Agency,1992-11-08,32,1
C1151,Individual,Tyler,Anderson,1963-12-14,M,USA,Arizona,Investment,2,No,Website,1963-12-14,61,2
C1152,Individual,Jason,Williams,1977-09-16,M,USA,Georgia,Home,1,No,Website,1977-09-16,47,2
C1153,Individual,Scott,Sanders,1991-09-14,M,USA,California,Home,1,No,Website,1991-09-14,33,2
C1154,Individual,Jerry,Brown,1956-07-12,M,USA,Utah,Home,5,Yes,Agency,1956-07-12,68,2
C1155,Individual,William,Young,1977-03-03,M,USA,California,Home,5,No,Website,1977-03-03,48,2
C1156,Individual,Dorothy,Kim,1956-05-16,F,USA,Virginia,Home,4,No,Agency,1956-05-16,69,1
C1157,Individual,Kenneth,Davis,1944-11-02,M,Canada,Alberta,Investment,2,No,Website,1944-11-02,80,2
C1158,Individual,Joan,Pierce,1955-05-19,F,USA,California,Investment,2,No,Website,1955-05-19,70,1
C1159,Individual,Gerald,Howard,1940-03-24,M,USA,Nevada,Investment,1,Yes,Website,1940-03-24,85,2
C1160,Individual,Walter,Griffin,1980-11-21,M,USA,Florida,Home,2,Yes,Website,1980-11-21,44,2
C1161,Individual,Stephen,White,1994-02-12,M,Canada,Alberta,Investment,3,Yes,Website,1994-02-12,31,2
C1162,Individual,Charles,Nelson,1962-01-25,M,USA,California,Investment,2,No,Website,1962-01-25,63,2
C1163,Individual,Noah,Morales,1998-10-26,M,USA,California,Home,3,Yes,Website,1998-10-26,26,2
C1164,Individual,Emma,Watson,1968-04-11,F,Belgium,Wallonia,Home,3,Yes,Agency,1968-04-11,57,1
C1165,Individual,Victoria,Alexander,1994-09-26,F,Russia,Moscow Oblast,Home,1,No,Website,1994-09-26,30,1
C1166,Individual,Scott,Hall,1991-11-15,M,USA,New York,Investment,1,No,Website,1991-11-15,33,2
C1167,Individual,Kevin,Alexander,1967-12-20,M,UK,Scotland,Home,3,No,Website,1967-12-20,57,2
C1168,Individual,Brittany,Reyes,1998-12-25,F,Germany,Hamburg,Home,2,Yes,Agency,1998-12-25,26,1
C1169,Individual,Noah,Bryant,1994-01-05,M,Russia,Saint Petersburg,Home,5,Yes,Agency,1994-01-05,31,2
C1170,Individual,Amanda,Collins,1990-02-09,F,USA,Nevada,Home,1,Yes,Website,1990-02-09,35,1
C1171,Individual,Anna,Patterson,1984-08-21,F,USA,California,Investment,4,Yes,Website,1984-08-21,40,1
C1172,Individual,Victoria,Freeman,1942-11-05,F,USA,Nevada,Home,5,No,Website,1942-11-05,82,1
C1173,Individual,Cheryl,Price,1984-11-02,F,Canada,Manitoba,Investment,1,No,Website,1984-11-02,40,0
C1174,Individual,Kenneth,White,1982-07-06,M,USA,Nevada,Home,2,No,Agency,1982-07-06,42,2
C1175,Individual,Evelyn,Long,1959-09-27,F,USA,California,Home,2,No,Website,1959-09-27,65,1
C1176,Individual,Lauren,Baker,1975-06-03,F,USA,California,Investment,4,Yes,Agency,1975-06-03,50,1
C1177,Individual,Larry,Sanders,1998-09-05,M,USA,California,Investment,2,No,Agency,1998-09-05,26,2
C1178,Individual,Jessica,Richardson,1950-07-16,F,USA,California,Home,1,No,Agency,1950-07-16,74,1
C1179,Individual,Melissa,Anderson,1991-02-09,F,USA,California,Home,4,No,Agency,1991-02-09,34,1
C1180,Individual,Deborah,Miller,1995-07-11,F,Belgium,Brussels,Home,2,Yes,Website,1995-07-11,29,1
C1181,Individual,Judith,Hansen,1956-03-23,F,USA,Nevada,Investment,5,No,Website,1956-03-23,69,1
C1182,Individual,Christopher,Murray,1961-03-11,M,Germany,Bavaria,Investment,3,Yes,Website,1961-03-11,64,2
C1183,Individual,Carl,Rogers,1993-11-14,M,USA,Arizona,Investment,1,No,Website,1993-11-14,31,2
C1184,Individual,David,Nelson,1953-04-14,M,France,Ile-de-France,Home,2,No,Website,1953-04-14,72,2
C1185,Individual,Ronald,Peterson,2000-06-27,M,USA,California,Home,3,No,Website,2000-06-27,25,2
C1186,Individual,Victoria,Bennett,1978-06-27,F,USA,Nevada,Home,3,Yes,Website,1978-06-27,47,1
C1187,Individual,Melissa,Pierce,1962-03-18,F,USA,Nevada,Home,4,No,Website,1962-03-18,63,1
C1188,Individual,Matthew,White,1995-11-01,M,Canada,Alberta,Home,1,No,Client,1995-11-01,29,2
C1189,Individual,Peter,Alexander,1963-01-22,M,USA,Florida,Home,2,Yes,Client,1963-01-22,62,2
C1190,Individual,Sandra,Baker,1946-08-04,F,USA,Texas,Home,4,No,Client,1946-08-04,78,1
C1191,Individual,Mary,Cox,1950-04-17,F,USA,California,Investment,3,No,Website,1950-04-17,75,1
C1192,Individual,Adam,Jones,2000-01-05,M,USA,Florida,Home,5,No,Website,2000-01-05,25,2
C1193,Individual,Amy,Owens,1975-04-20,F,UK,England,Home,1,No,Website,1975-04-20,50,1
C1194,Individual,Melissa,Brooks,1943-06-17,F,USA,Colorado,Home,1,No,Website,1943-06-17,82,1
C1195,Individual,Anna,Pierce,1990-06-07,F,USA,California,Home,4,Yes,Agency,1990-06-07,35,1
C1196,Individual,William,Freeman,1955-09-03,M,USA,Nevada,Home,2,No,Agency,1955-09-03,69,2
C1197,Individual,Deborah,Roberts,1959-04-10,F,USA,Arizona,Home,4,No,Website,1959-04-10,66,1
C1198,Individual,Lisa,Young,1960-01-21,F,USA,New York,Home,1,No,Agency,1960-01-21,65,1
C1199,Individual,Justin,Campbell,1943-03-03,M,USA,Colorado,Home,2,No,Website,1943-03-03,82,2
C1200,Individual,Henry,Taylor,1969-11-03,M,USA,Utah,Home,4,No,Agency,1969-11-03,55,2
C1201,Individual,Timothy,Stewart,2000-03-22,M,USA,Oregon,Investment,1,Yes,Website,2000-03-22,25,2
C1202,Company,Telnox,Co,1985-05-09,M,Canada,Quebec,Investment,5,Yes,Website,1985-05-09,40,3
C1203,Individual,Ashley,Green,1962-01-18,F,USA,Arizona,Home,2,Yes,Website,1962-01-18,63,1
C1204,Individual,William,Reed,1992-04-03,M,Mexico,Puebla,Investment,2,Yes,Website,1992-04-03,33,2
C1205,Individual,Patrick,Pierce,1959-05-15,M,Belgium,Flanders,Home,4,No,Website,1959-05-15,66,2
C1206,Individual,Melissa,Baker,1957-12-09,F,USA,California,Investment,5,No,Website,1957-12-09,67,1
C1207,Individual,Lauren,Price,1973-10-24,F,USA,Texas,Home,5,Yes,Agency,1973-10-24,51,1
C1208,Individual,Noah,Ward,1977-11-27,M,USA,Colorado,Home,1,No,Website,1977-11-27,47,2
C1209,Individual,Tiffany,Kim,1978-07-01,F,USA,California,Home,4,Yes,Website,1978-07-01,47,1
C1210,Individual,Dennis,Cox,1991-06-04,M,USA,California,Investment,1,No,Website,1991-06-04,34,2
C1211,Individual,Kathleen,Owens,1996-07-10,F,Canada,British Columbia,Home,5,Yes,Website,1996-07-10,28,1
C1212,Individual,Lawrence,Gray,1957-07-11,M,USA,California,Home,1,No,Agency,1957-07-11,67,2
C1213,Individual,Ruth,Martin,1993-08-06,F,Canada,Manitoba,Home,5,No,Website,1993-08-06,31,0
C1214,Individual,Jennifer,Peterson,2000-08-10,F,USA,Florida,Home,1,No,Agency,2000-08-10,24,1
C1215,Individual,Charles,Patterson,1994-07-24,M,USA,California,Home,3,No,Website,1994-07-24,30,2
C1216,Individual,Martha,Jordan,1997-07-10,F,France,Normandy,Home,4,No,Website,1997-07-10,27,1
C1217,Individual,William,Carter,1997-01-05,M,USA,California,Investment,4,Yes,Website,1997-01-05,28,2
C1218,Individual,Teresa,Smith,1941-12-28,F,USA,California,Home,1,Yes,Website,1941-12-28,83,1
C1219,Individual,Danielle,Howard,1983-12-06,F,USA,Arizona,Home,1,Yes,Website,1983-12-06,41,1
C1220,Individual,Christina,Martin,1967-09-08,F,USA,Colorado,Investment,4,Yes,Website,1967-09-08,57,1
C1221,Individual,Cynthia,Thomas,1984-05-23,F,USA,Nevada,Investment,2,No,Agency,1984-05-23,41,1
C1222,Individual,Christopher,Taylor,1969-01-07,M,USA,Utah,Home,4,No,Website,1969-01-07,56,2
C1223,Individual,Sharon,Stone,1952-09-17,F,USA,Washington,Home,4,No,Website,1952-09-17,72,1
C1224,Individual,Paul,Carter,1942-06-13,M,USA,New York,Investment,5,Yes,Client,1942-06-13,83,2
C1225,Individual,Larry,James,1990-11-10,M,USA,Oregon,Home,2,No,Website,1990-11-10,34,2
C1226,Individual,Michael,Sanders,1989-05-01,M,USA,Utah,Home,4,No,Website,1989-05-01,36,2
C1227,Individual,Alexander,Reyes,1987-03-13,M,USA,Colorado,Home,3,Yes,Agency,1987-03-13,38,2
C1228,Individual,Joseph,Howard,1954-07-07,M,USA,California,Home,2,No,Website,1954-07-07,70,2
C1229,Individual,Madison,Reyes,1994-11-02,F,UK,Scotland,Home,1,Yes,Website,1994-11-02,30,1
C1230,Individual,Lawrence,Parker,1985-02-18,M,USA,California,Home,5,No,Client,1985-02-18,40,2
C1231,Individual,Betty,Carter,1954-12-09,F,USA,California,Home,2,No,Agency,1954-12-09,70,1
C1232,Individual,Mary,Jackson,1989-09-23,F,Canada,British Columbia,Home,3,No,Website,1989-09-23,35,1
C1233,Individual,Brian,Scott,1979-08-05,M,USA,Utah,Home,4,No,Website,1979-08-05,45,2
C1234,Individual,Karen,King,1957-01-20,F,USA,Colorado,Investment,1,No,Website,1957-01-20,68,1
C1235,Individual,Michael,Morales,1957-05-27,M,USA,Arizona,Home,2,No,Website,1957-05-27,68,2
C1236,Individual,Brandon,Cook,1972-08-24,M,USA,Arizona,Home,4,Yes,Website,1972-08-24,52,2
C1237,Individual,Helen,Cook,1943-09-25,F,UK,Wales,Investment,4,Yes,Website,1943-09-25,81,1
C1238,Individual,Joshua,Bennett,1946-04-22,M,USA,Nevada,Home,1,Yes,Agency,1946-04-22,79,2
C1239,Individual,Catherine,Adams,1953-02-07,F,USA,Oregon,Home,3,No,Agency,1953-02-07,72,1
C1240,Individual,Gloria,Wright,1984-11-12,F,USA,Nevada,Investment,4,Yes,Website,1984-11-12,40,1
C1241,Individual,Danielle,Martin,1973-08-19,F,USA,California,Home,1,No,Agency,1973-08-19,51,1
C1242,Individual,Gerald,Collins,1961-09-22,M,USA,California,Home,3,Yes,Website,1961-09-22,63,2
C1243,Individual,Jeffrey,Edwards,1948-10-04,M,USA,Colorado,Home,1,No,Website,1948-10-04,76,2
C1244,Individual,Joseph,Phillips,1992-06-10,M,USA,Utah,Investment,5,Yes,Website,1992-06-10,33,2
C1245,Individual,Edward,Reyes,1963-02-10,M,USA,California,Home,3,Yes,Agency,1963-02-10,62,2
C1246,Individual,Joyce,Jackson,1943-05-10,F,Canada,Alberta,Home,2,No,Agency,1943-05-10,82,1
C1247,Individual,Judy,Moore,1957-04-09,F,USA,Nevada,Investment,2,No,Website,1957-04-09,68,1
C1248,Individual,Sara,Scott,1976-07-04,F,USA,Arizona,Home,3,No,Agency,1976-07-04,48,1
C1249,Individual,Janet,James,1971-07-14,F,USA,California,Investment,1,No,Website,1971-07-14,53,1
C1250,Individual,Jordan,Stewart,1950-04-19,M,USA,Nevada,Home,5,No,Agency,1950-04-19,75,2
C1251,Individual,Aaron,Thompson,1975-11-01,M,USA,Texas,Investment,5,No,Website,1975-11-01,49,2
C1252,Individual,Margaret,Cook,1962-02-27,F,USA,Arizona,Home,3,Yes,Website,1962-02-27,63,1
C1253,Individual,Jason,Flores,1991-09-24,M,USA,California,Home,2,No,Agency,1991-09-24,33,2
C1254,Individual,Ethan,Freeman,1956-04-04,M,USA,California,Home,5,Yes,Agency,1956-04-04,69,2
C1255,Individual,Mark,Patterson,1999-09-15,M,USA,California,Home,3,No,Agency,1999-09-15,25,2
C1256,Company,Triton,Co,1972-02-18,F,USA,California,Investment,4,No,Agency,1972-02-18,53,3
C1257,Individual,Michael,Scott,1991-12-22,M,USA,California,Home,5,Yes,Agency,1991-12-22,33,2
C1258,Individual,Betty,Stone,1969-06-22,F,USA,Nevada,Home,1,No,Website,1969-06-22,56,1
C1259,Individual,William,Edwards,1971-02-19,M,USA,California,Investment,3,Yes,Agency,1971-02-19,54,2
C1260,Individual,Elizabeth,Ward,1992-08-24,F,USA,California,Home,2,No,Agency,1992-08-24,32,1
C1261,Individual,Patrick,Kim,1976-09-03,M,USA,Utah,Home,3,No,Client,1976-09-03,48,2
C1262,Individual,Dorothy,Evans,1950-11-10,F,USA,California,Investment,4,No,Agency,1950-11-10,74,1
C1263,Individual,Lawrence,Alexander,1951-11-17,M,USA,California,Investment,3,No,Agency,1951-11-17,73,2
C1264,Individual,Sarah,Garcia,1999-12-06,F,USA,California,Investment,1,No,Agency,1999-12-06,25,1
C1265,Individual,Gary,White,1943-03-24,M,USA,Washington,Home,1,Yes,Agency,1943-03-24,82,2
C1266,Individual,Christopher,Hughes,1952-06-20,M,UK,England,Home,2,No,Website,1952-06-20,73,2
C1267,Individual,Dorothy,Peterson,1965-04-07,F,USA,Colorado,Home,3,Yes,Website,1965-04-07,60,1
C1268,Individual,Gloria,Green,1995-10-01,F,UK,Northern Ireland,Investment,1,Yes,Website,1995-10-01,29,1
C1269,Individual,Jack,Bennett,1964-09-28,M,USA,California,Home,5,No,Website,1964-09-28,60,2
C1270,Individual,Cheryl,Ward,1978-10-18,F,USA,Texas,Home,4,No,Agency,1978-10-18,46,1
C1271,Individual,Noah,Anderson,1992-09-10,M,USA,California,Home,2,Yes,Agency,1992-09-10,32,2
C1272,Individual,Ryan,Collins,1941-05-13,M,France,Occitanie,Home,1,Yes,Website,1941-05-13,84,2
C1273,Individual,Gerald,Jordan,1968-05-13,M,Canada,Alberta,Home,5,No,Website,1968-05-13,57,2
C1274,Individual,Linda,Jones,1979-07-09,F,USA,California,Investment,1,Yes,Website,1979-07-09,45,1
C1275,Individual,Jessica,Roberts,1969-02-26,F,USA,Georgia,Investment,1,No,Website,1969-02-26,56,1
C1276,Individual,Arthur,Griffin,1940-03-09,M,Australia,Victoria,Home,1,Yes,Agency,1940-03-09,85,2
C1277,Individual,Lauren,Griffin,1981-04-01,F,USA,California,Investment,2,No,Agency,1981-04-01,44,1
C1278,Individual,Arthur,Griffin,1997-07-25,M,USA,Utah,Home,4,No,Website,1997-07-25,27,2
C1279,Individual,Peter,Martin,1943-10-12,M,USA,California,Home,4,Yes,Website,1943-10-12,81,2
C1280,Individual,Jacob,Bennett,1953-09-19,M,USA,Texas,Home,2,Yes,Website,1953-09-19,71,2
C1281,Individual,Deborah,Edwards,1998-06-12,F,Canada,Manitoba,Investment,2,Yes,Website,1998-06-12,27,0
C1282,Individual,Ashley,Taylor,1996-05-18,F,USA,Colorado,Investment,3,Yes,Agency,1996-05-18,29,1
C1283,Individual,Janice,Collins,1945-11-08,F,USA,New York,Home,3,No,Agency,1945-11-08,79,1
C1284,Individual,Patrick,Bennett,1955-10-16,M,USA,California,Home,2,No,Website,1955-10-16,69,2
C1285,Individual,Steven,Cox,1954-03-02,M,USA,Utah,Home,4,Yes,Website,1954-03-02,71,2
C1286,Individual,Stephen,Evans,1963-07-10,M,USA,California,Home,5,No,Agency,1963-07-10,61,2
C1287,Individual,Diane,Hughes,1998-04-07,F,USA,California,Investment,4,No,Website,1998-04-07,27,1
C1288,Individual,Sean,Cooper,1941-01-20,M,Belgium,Wallonia,Home,3,No,Agency,1941-01-20,84,2
C1289,Individual,Samuel,Freeman,1973-07-26,M,Mexico,Jalisco,Investment,1,Yes,Agency,1973-07-26,51,2
C1290,Individual,Teresa,Long,1973-10-24,F,USA,Washington,Home,3,Yes,Website,1973-10-24,51,1
C1291,Individual,Paul,Johnson,1983-11-09,M,USA,California,Investment,5,Yes,Website,1983-11-09,41,2
C1292,Individual,Jordan,Evans,1977-05-22,M,USA,Texas,Investment,5,Yes,Website,1977-05-22,48,2
C1293,Individual,Anna,Wright,1972-08-01,F,USA,California,Home,1,No,Agency,1972-08-01,52,1
C1294,Individual,Henry,Davis,1963-02-09,M,Canada,Ontario,Investment,3,Yes,Agency,1963-02-09,62,2
C1295,Individual,Anna,Bryant,1992-04-21,F,USA,California,Investment,1,Yes,Website,1992-04-21,33,1
C1296,Individual,Keith,Hughes,1963-06-02,M,USA,Virginia,Home,1,No,Website,1963-06-02,62,2
C1297,Company,Vertex,Co,1983-09-06,M,Germany,Berlin,Home,5,No,Website,1983-09-06,41,3
C1298,Individual,Margaret,Taylor,1968-08-04,F,USA,California,Home,2,No,Agency,1968-08-04,56,1
C1299,Individual,Karen,James,1944-05-05,F,USA,California,Investment,3,No,Website,1944-05-05,81,1
C1300,Individual,Judith,Collins,1961-01-06,F,USA,California,Home,2,No,Website,1961-01-06,64,1
C1301,Individual,Benjamin,Hayes,1955-12-17,M,USA,Virginia,Home,2,No,Agency,1955-12-17,69,2
C1302,Individual,Jerry,Anderson,1996-04-19,M,USA,Arizona,Investment,5,No,Website,1996-04-19,29,2
C1303,Individual,Christian,Miller,1962-08-22,M,USA,Arizona,Home,3,Yes,Website,1962-08-22,62,2
C1304,Individual,Angela,Cook,1985-06-08,F,USA,California,Investment,1,No,Website,1985-06-08,40,1
C1305,Individual,Catherine,Anderson,1978-09-17,F,USA,Georgia,Home,4,No,Website,1978-09-17,46,1
C1306,Individual,Kathleen,Morales,1948-03-18,F,USA,Washington,Home,5,No,Website,1948-03-18,77,1
C1307,Individual,Rachel,Rogers,1993-02-14,F,USA,Colorado,Home,5,No,Agency,1993-02-14,32,1
C1308,Individual,Timothy,Sanders,2000-03-04,M,USA,California,Investment,5,No,Agency,2000-03-04,25,2
C1309,Individual,David,Reyes,1999-12-06,M,USA,California,Home,5,No,Website,1999-12-06,25,2
C1310,Individual,Ann,Roberts,1955-05-04,F,USA,New York,Home,5,No,Agency,1955-05-04,70,1
C1311,Individual,Christopher,Ward,1940-08-14,M,UK,England,Home,4,Yes,Client,1940-08-14,84,2
C1312,Individual,Timothy,Stone,1942-09-03,M,USA,New York,Home,5,No,Website,1942-09-03,82,2
C1313,Individual,Heather,Reed,1972-03-17,F,Australia,Western Australia,Investment,3,No,Website,1972-03-17,53,1
C1314,Individual,Rachel,Miller,1964-09-17,F,USA,Arizona,Home,3,No,Website,1964-09-17,60,1
C1315,Individual,Joshua,Garcia,1948-12-24,M,USA,Colorado,Home,3,No,Agency,1948-12-24,76,2
C1316,Individual,Emma,King,1993-05-09,F,USA,Colorado,Home,2,Yes,Website,1993-05-09,32,1
C1317,Company,Atlas,Co,1973-11-27,M,USA,Utah,Home,2,Yes,Website,1973-11-27,51,3
C1318,Individual,William,Montgomery,1943-01-18,M,USA,Texas,Home,1,No,Website,1943-01-18,82,2
C1319,Individual,Grace,James,1954-08-17,F,USA,Florida,Home,3,Yes,Client,1954-08-17,70,1
C1320,Individual,Peter,Reyes,1969-05-03,M,USA,California,Investment,1,No,Website,1969-05-03,56,2
C1321,Individual,Christopher,Reed,1990-09-11,M,USA,Colorado,Investment,5,No,Client,1990-09-11,34,2
C1322,Individual,Barbara,Reyes,1994-12-26,F,USA,California,Home,5,No,Agency,1994-12-26,30,1
C1323,Individual,Nicholas,Moore,1963-07-28,M,USA,Utah,Home,3,No,Website,1963-07-28,61,2
C1324,Individual,Carl,Edwards,1992-04-21,M,USA,Arizona,Investment,2,Yes,Agency,1992-04-21,33,2
C1325,Individual,George,Jones,1974-12-09,M,Canada,Alberta,Home,5,Yes,Agency,1974-12-09,50,2
C1326,Individual,Brandon,Mitchell,1944-05-22,M,USA,Colorado,Investment,4,No,Website,1944-05-22,81,2
C1327,Individual,Betty,Carter,1993-05-14,F,USA,California,Home,4,Yes,Website,1993-05-14,32,1
C1328,Individual,Sandra,Cooper,1956-07-23,F,USA,Washington,Home,4,No,Website,1956-07-23,68,1
C1329,Individual,Scott,Parker,1968-04-28,M,USA,California,Investment,3,Yes,Agency,1968-04-28,57,2
C1330,Individual,Kelly,James,1975-05-02,F,USA,Colorado,Investment,2,No,Agency,1975-05-02,50,1
C1331,Individual,Christina,Bennett,1986-10-06,F,USA,California,Investment,1,No,Agency,1986-10-06,38,1
C1332,Individual,Michael,Howard,1995-12-11,M,USA,Washington,Investment,5,Yes,Agency,1995-12-11,29,2
C1333,Individual,Jack,Hansen,1988-03-27,M,USA,Nevada,Investment,2,Yes,Website,1988-03-27,37,2
C1334,Individual,Victoria,Nelson,1965-12-08,F,USA,California,Home,5,Yes,Agency,1965-12-08,59,1
C1335,Individual,Elizabeth,Hall,1982-05-01,F,USA,Oregon,Investment,2,Yes,Website,1982-05-01,43,1
C1336,Individual,Joyce,Thompson,1948-12-09,F,USA,California,Home,5,No,Client,1948-12-09,76,1
C1337,Individual,Jennifer,Johnson,1953-09-20,F,USA,California,Investment,5,No,Website,1953-09-20,71,1
C1338,Individual,Christine,James,1968-12-01,F,USA,California,Home,2,Yes,Website,1968-12-01,56,1
C1339,Company,Rexon,Co,1961-02-24,M,USA,Nevada,Home,4,Yes,Website,1961-02-24,64,3
C1340,Company,Forsyte,Co,1988-12-05,M,USA,Colorado,Home,5,No,Website,1988-12-05,36,3
C1341,Individual,Julie,Cox,1952-09-23,F,USA,Colorado,Home,5,Yes,Website,1952-09-23,72,1
C1342,Individual,Maria,Griffin,1964-02-21,F,USA,California,Home,1,Yes,Agency,1964-02-21,61,1
C1343,Individual,Megan,Turner,1995-03-13,F,Canada,Ontario,Home,5,No,Agency,1995-03-13,30,1
C1344,Individual,Carl,Phillips,1974-05-24,M,USA,Florida,Home,1,No,Agency,1974-05-24,51,2
C1345,Individual,Mary,Parker,1956-04-25,F,USA,Texas,Home,5,No,Website,1956-04-25,69,1
C1346,Company,Triton,Co,1987-03-18,F,USA,Colorado,Investment,4,No,Agency,1987-03-18,38,3
C1347,Individual,Mark,James,1956-02-13,M,USA,Washington,Home,2,No,Client,1956-02-13,69,2
C1348,Individual,Peter,Harris,1998-07-16,M,USA,Oregon,Home,4,Yes,Client,1998-07-16,26,2
C1349,Individual,Joyce,Johnson,1982-02-14,F,USA,Virginia,Investment,3,No,Website,1982-02-14,43,1
C1350,Individual,Julia,King,1991-05-17,F,Germany,Hamburg,Home,5,No,Website,1991-05-17,34,1
C1351,Individual,Judith,Long,1987-06-24,F,Australia,South Australia,Home,2,No,Client,1987-06-24,38,1
C1352,Individual,Benjamin,Gray,1989-03-16,M,USA,California,Home,2,Yes,Agency,1989-03-16,36,2
C1353,Individual,Debra,Jackson,1997-10-15,F,Canada,Alberta,Home,1,No,Agency,1997-10-15,27,1
C1354,Individual,Patrick,Johnson,1941-04-09,M,USA,Florida,Home,5,No,Website,1941-04-09,84,2
C1355,Individual,Shirley,Owens,1966-11-22,F,USA,California,Investment,2,Yes,Client,1966-11-22,58,1
C1356,Individual,Jonathan,Morales,1994-03-26,M,USA,Oregon,Investment,4,No,Agency,1994-03-26,31,2
C1357,Individual,Danielle,Patterson,1987-03-01,F,USA,California,Home,5,Yes,Website,1987-03-01,38,1
C1358,Individual,Gregory,Taylor,1943-01-05,M,USA,Texas,Home,4,No,Agency,1943-01-05,82,2
C1359,Individual,Gary,Owens,1975-07-25,M,USA,Virginia,Home,3,No,Agency,1975-07-25,49,2
C1360,Individual,Billy,Nelson,1990-11-27,M,USA,Virginia,Home,4,No,Agency,1990-11-27,34,2
C1361,Individual,Ashley,Owens,1943-07-21,F,USA,California,Home,3,No,Client,1943-07-21,81,1
C1362,Individual,Laura,Jordan,1965-04-13,F,USA,California,Investment,1,Yes,Agency,1965-04-13,60,1
C1363,Individual,James,Stone,1981-06-04,M,USA,Georgia,Home,5,Yes,Agency,1981-06-04,44,2
C1364,Individual,Andrea,Watson,1998-12-23,F,USA,California,Investment,1,No,Website,1998-12-23,26,1
C1365,Individual,Tiffany,Sanders,1969-03-16,F,Belgium,Brussels,Investment,5,Yes,Website,1969-03-16,56,1
C1366,Individual,George,Thompson,1995-07-27,M,USA,California,Home,1,No,Website,1995-07-27,29,2
C1367,Individual,Stephanie,Jordan,1953-01-11,F,Germany,Berlin,Home,2,No,Client,1953-01-11,72,1
C1368,Individual,Jose,Gray,1947-11-22,M,USA,California,Home,5,Yes,Client,1947-11-22,77,2
C1369,Individual,Peter,Garcia,1983-10-07,M,France,Brittany,Home,4,Yes,Agency,1983-10-07,41,2
C1370,Individual,Frank,Evans,1965-06-04,M,USA,Colorado,Investment,1,No,Agency,1965-06-04,60,2
C1371,Individual,Timothy,Thomas,1989-06-19,M,UK,England,Home,2,Yes,Website,1989-06-19,36,2
C1372,Individual,Lisa,Turner,1981-11-21,F,USA,Washington,Investment,2,No,Website,1981-11-21,43,1
C1373,Individual,Melissa,Evans,1992-10-11,F,USA,California,Home,3,Yes,Website,1992-10-11,32,1
C1374,Company,Quasar,Co,1990-01-25,M,France,Ile-de-France,Home,3,Yes,Agency,1990-01-25,35,3
C1375,Individual,Carolyn,Flores,1972-11-22,F,USA,California,Investment,4,Yes,Agency,1972-11-22,52,1
C1376,Individual,Carolyn,Edwards,1987-06-23,F,USA,Arizona,Investment,3,Yes,Agency,1987-06-23,38,1
C1377,Individual,Laura,Long,1984-01-04,F,USA,Utah,Investment,2,No,Website,1984-01-04,41,1
C1378,Individual,Maria,Morales,1976-11-19,F,USA,California,Investment,1,No,Website,1976-11-19,48,1
C1379,Individual,Kevin,Gray,1970-06-11,M,UK,Scotland,Home,2,No,Website,1970-06-11,55,2
C1380,Individual,Michael,Hughes,1949-10-15,M,Canada,Alberta,Investment,4,No,Website,1949-10-15,75,2
C1381,Individual,Eric,Cox,1962-06-16,M,Germany,Hesse,Home,3,Yes,Website,1962-06-16,63,2
C1382,Individual,Adam,James,1951-05-19,M,USA,Oregon,Home,2,No,Website,1951-05-19,74,2
C1383,Individual,Noah,Moore,1992-11-11,M,USA,California,Home,2,No,Agency,1992-11-11,32,2
C1384,Individual,Mary,Young,1988-03-10,F,USA,California,Home,2,Yes,Agency,1988-03-10,37,1
C1385,Individual,Kenneth,Owens,1946-06-01,M,USA,California,Home,1,No,Agency,1946-06-01,79,2
C1386,Individual,Harold,Howard,1947-08-23,M,USA,Washington,Home,4,Yes,Website,1947-08-23,77,2
C1387,Individual,Jose,Reed,1943-05-27,M,Germany,Hamburg,Investment,4,No,Website,1943-05-27,82,2
C1388,Individual,Hannah,Stone,1999-04-20,F,USA,Washington,Home,3,No,Website,1999-04-20,26,1
C1389,Individual,Jordan,Montgomery,1952-07-03,M,UK,Scotland,Home,2,No,Website,1952-07-03,72,2
C1390,Individual,Lauren,Thomas,1979-07-21,F,USA,Nevada,Home,3,No,Website,1979-07-21,45,1
C1391,Individual,Barbara,Campbell,1974-03-06,F,USA,Utah,Home,1,No,Website,1974-03-06,51,1
C1392,Individual,Jose,Johnson,1990-06-05,M,USA,Colorado,Home,4,Yes,Agency,1990-06-05,35,2
C1393,Individual,Virginia,Miller,1981-07-09,F,Mexico,Baja California,Investment,1,No,Agency,1981-07-09,43,1
C1394,Individual,Debra,Hansen,1977-02-26,F,USA,Nevada,Home,4,No,Website,1977-02-26,48,1
C1395,Individual,Megan,Campbell,1988-09-27,F,Canada,Alberta,Investment,4,No,Website,1988-09-27,36,1
C1396,Individual,Steven,Foster,1971-06-02,M,Canada,Manitoba,Investment,3,Yes,Website,1971-06-02,54,0
C1397,Individual,Linda,Chavez,1983-03-10,F,USA,Nevada,Home,4,No,Website,1983-03-10,42,1
C1398,Individual,Alexander,Jones,1966-12-13,M,USA,California,Home,5,Yes,Website,1966-12-13,58,2
C1399,Individual,Lauren,Evans,1978-08-23,F,Canada,British Columbia,Home,5,No,Agency,1978-08-23,46,1
C1400,Individual,Maria,Jones,1991-10-24,F,UK,Northern Ireland,Home,4,No,Client,1991-10-24,33,1
C1401,Individual,Virginia,Brooks,1999-03-24,F,USA,Virginia,Investment,1,No,Website,1999-03-24,26,1
C1402,Individual,Helen,Jordan,1968-09-28,F,USA,Utah,Home,3,No,Agency,1968-09-28,56,1
C1403,Individual,Pamela,Scott,1983-09-22,F,USA,Oregon,Home,2,No,Website,1983-09-22,41,1
C1404,Individual,Sharon,Williams,1950-07-22,F,USA,California,Home,4,No,Agency,1950-07-22,74,1
C1405,Individual,Ryan,Williams,1955-06-08,M,USA,Oregon,Home,5,No,Agency,1955-06-08,70,2
C1406,Individual,Sara,Wood,1970-09-01,F,USA,California,Home,3,No,Website,1970-09-01,54,1
C1407,Individual,Sharon,Hansen,1956-03-22,F,USA,California,Home,1,No,Agency,1956-03-22,69,1
C1408,Company,Grandis,Co,1963-11-13,F,USA,California,Home,2,No,Agency,1963-11-13,61,3
C1409,Individual,Katherine,Price,1957-08-01,F,USA,Oregon,Investment,2,No,Website,1957-08-01,67,1
C1410,Individual,Jennifer,Edwards,1965-12-16,F,USA,Nevada,Home,2,No,Agency,1965-12-16,59,1
C1411,Individual,Anthony,Watson,1987-04-04,M,USA,California,Home,2,No,Client,1987-04-04,38,2
C1412,Company,Optima,Co,1985-06-28,F,USA,Nevada,Home,2,No,Agency,1985-06-28,40,3
C1413,Individual,Margaret,Rogers,1968-09-18,F,USA,California,Home,4,No,Agency,1968-09-18,56,1
C1414,Individual,Michelle,Wright,1975-05-01,F,USA,Florida,Home,4,No,Website,1975-05-01,50,1
C1415,Individual,Tyler,Murray,1959-07-14,M,USA,California,Investment,1,No,Website,1959-07-14,65,2
C1416,Individual,Bryan,Peterson,1954-07-01,M,USA,Oregon,Home,2,No,Agency,1954-07-01,71,2
C1417,Individual,Dennis,Williams,1953-10-26,M,UK,Scotland,Home,5,No,Website,1953-10-26,71,2
C1418,Individual,Kyle,Cox,1954-04-06,M,USA,Ohio,Investment,2,No,Website,1954-04-06,71,2
C1419,Individual,Jason,Peterson,1971-08-08,M,Germany,Hamburg,Investment,4,Yes,Website,1971-08-08,53,2
C1420,Company,Terova,Co,1981-10-20,M,UK,Wales,Home,5,No,Website,1981-10-20,43,3
C1421,Individual,James,Jones,1957-11-14,M,USA,Colorado,Home,1,No,Website,1957-11-14,67,2
C1422,Individual,Billy,Hansen,1955-01-15,M,USA,Florida,Investment,1,Yes,Website,1955-01-15,70,2
C1423,Individual,Jack,Brooks,1955-09-21,M,UK,Northern Ireland,Home,4,Yes,Website,1955-09-21,69,2
C1424,Individual,Judy,Harris,1954-03-12,F,USA,Utah,Home,2,Yes,Agency,1954-03-12,71,1
C1425,Individual,Raymond,Taylor,1971-12-16,M,Belgium,Flanders,Home,3,No,Website,1971-12-16,53,2
C1426,Individual,Christina,Campbell,1964-05-20,F,USA,Washington,Home,2,No,Website,1964-05-20,61,1
C1427,Individual,Julia,Richardson,1955-05-10,F,Australia,Victoria,Home,5,No,Website,1955-05-10,70,1
C1428,Individual,Nicole,Allen,1953-12-05,F,USA,Oregon,Home,4,Yes,Agency,1953-12-05,71,1
C1429,Individual,Jesse,Stewart,1991-10-01,M,USA,Nevada,Investment,5,No,Agency,1991-10-01,33,2
C1430,Individual,Patrick,Allen,1963-09-11,M,USA,Nevada,Home,4,No,Website,1963-09-11,61,2
C1431,Individual,Melissa,Griffin,1943-07-01,F,Germany,Hesse,Home,3,Yes,Website,1943-07-01,82,1
C1432,Individual,Larry,Weaver,1951-12-26,M,USA,Utah,Home,3,No,Agency,1951-12-26,73,2
C1433,Individual,Christian,Mitchell,1953-04-12,M,Germany,Hamburg,Home,4,No,Website,1953-04-12,72,2
C1434,Company,Terova,Co,1985-06-25,F,USA,California,Investment,5,No,Agency,1985-06-25,40,3
C1435,Individual,Zachary,Morales,1967-04-08,M,USA,Texas,Investment,2,No,Agency,1967-04-08,58,2
C1436,Individual,Kyle,Wright,1998-10-09,M,USA,California,Home,2,No,Website,1998-10-09,26,2
C1437,Individual,Gerald,Stewart,1997-04-08,M,USA,Arizona,Investment,5,No,Agency,1997-04-08,28,2
C1438,Individual,Benjamin,Taylor,1988-08-04,M,USA,California,Home,2,Yes,Agency,1988-08-04,36,2
C1439,Individual,Helen,Morales,2000-10-14,F,USA,Virginia,Home,2,No,Agency,2000-10-14,24,1
C1440,Individual,Mary,Phillips,1952-07-20,F,USA,Colorado,Investment,2,No,Agency,1952-07-20,72,1
C1441,Individual,Helen,Campbell,1945-09-08,F,USA,California,Investment,5,No,Website,1945-09-08,79,1
C1442,Individual,Timothy,Foster,2000-06-17,M,USA,Colorado,Home,2,Yes,Client,2000-06-17,25,2
C1443,Individual,Betty,Hughes,1979-11-22,F,USA,Florida,Home,2,No,Website,1979-11-22,45,1
C1444,Individual,Frank,Alexander,1981-06-25,M,USA,Colorado,Home,3,No,Website,1981-06-25,44,2
C1445,Individual,Gregory,Hall,1988-07-26,M,USA,Florida,Home,5,No,Website,1988-07-26,36,2
C1446,Individual,Amber,Gray,1951-12-09,F,USA,Ohio,Home,4,No,Website,1951-12-09,73,1
C1447,Individual,Janet,Rogers,1972-05-14,F,USA,Nevada,Investment,4,Yes,Client,1972-05-14,53,1
C1448,Individual,Henry,Ward,1959-03-15,M,Russia,Tatarstan,Home,1,No,Website,1959-03-15,66,2
C1449,Individual,Nicole,Cox,1999-06-14,F,USA,California,Investment,5,No,Website,1999-06-14,26,1
C1450,Individual,Pamela,White,1996-04-06,F,USA,Virginia,Home,5,No,Website,1996-04-06,29,1
C1451,Individual,Hannah,Turner,1983-10-19,F,USA,California,Home,1,No,Website,1983-10-19,41,1
C1452,Individual,Kelly,Edwards,1993-08-05,F,Belgium,Wallonia,Home,3,No,Client,1993-08-05,31,1
C1453,Individual,Kenneth,Stone,1981-10-07,M,USA,California,Home,2,No,Agency,1981-10-07,43,2
C1454,Individual,Ann,Kim,1948-05-23,F,USA,California,Investment,1,No,Client,1948-05-23,77,1
C1455,Individual,Christina,Nelson,1989-06-15,F,USA,Colorado,Home,3,Yes,Agency,1989-06-15,36,1
C1456,Company,Quasar,Co,1992-06-26,F,USA,Oregon,Investment,1,Yes,Website,1992-06-26,33,3
C1457,Individual,Julie,Foster,1949-01-27,F,USA,California,Home,3,Yes,Agency,1949-01-27,76,1
C1458,Individual,Keith,Reed,1950-09-16,M,USA,Arizona,Home,1,No,Website,1950-09-16,74,2
C1459,Individual,Terry,Hall,1949-09-28,M,USA,Arizona,Home,5,No,Website,1949-09-28,75,2
C1460,Individual,Pamela,Long,1972-12-05,F,UK,England,Home,1,Yes,Agency,1972-12-05,52,1
C1461,Individual,Gloria,Reyes,1944-01-13,F,USA,California,Home,5,No,Website,1944-01-13,81,1
C1462,Individual,Virginia,Allen,1984-04-19,F,Germany,Hamburg,Investment,3,No,Agency,1984-04-19,41,1
C1463,Individual,Lawrence,Ward,1943-12-28,M,USA,California,Home,2,Yes,Website,1943-12-28,81,2
C1464,Individual,Terry,Weaver,1940-01-25,M,USA,Arizona,Home,1,No,Website,1940-01-25,85,2
C1465,Individual,Edward,Stewart,1990-07-09,M,USA,Ohio,Home,3,Yes,Website,1990-07-09,34,2
C1466,Individual,Ashley,Howard,1999-08-28,F,Belgium,Flanders,Investment,2,No,Website,1999-08-28,25,1
C1467,Individual,Rebecca,Adams,1951-07-19,F,USA,California,Home,5,No,Client,1951-07-19,73,1
C1468,Individual,Jason,Martin,1940-08-24,M,Canada,Manitoba,Home,3,No,Website,1940-08-24,84,0
C1469,Individual,Keith,Richardson,1970-05-17,M,USA,Colorado,Home,1,No,Website,1970-05-17,55,2
C1470,Individual,Alexander,Richardson,1940-05-27,M,USA,Colorado,Investment,3,Yes,Agency,1940-05-27,85,2
C1471,Individual,Judith,Williams,1940-05-24,F,UK,Northern Ireland,Home,1,Yes,Website,1940-05-24,85,1
C1472,Individual,Paul,Flores,1991-03-23,M,USA,Washington,Home,1,No,Website,1991-03-23,34,2
C1473,Individual,Maria,Freeman,1974-03-14,F,USA,California,Home,2,No,Agency,1974-03-14,51,1
C1474,Individual,Kevin,Brown,1969-04-10,M,USA,Oregon,Home,3,No,Website,1969-04-10,56,2
C1475,Individual,Raymond,Brown,1944-08-02,M,Mexico,Jalisco,Home,4,Yes,Agency,1944-08-02,80,2
C1476,Individual,Kevin,Jackson,2000-06-08,M,USA,Nevada,Home,1,No,Agency,2000-06-08,25,2
C1477,Company,Zynex,Co,1968-04-10,F,USA,California,Investment,1,No,Agency,1968-04-10,57,3
C1478,Individual,Emily,Reed,1958-09-12,F,Canada,British Columbia,Investment,1,No,Agency,1958-09-12,66,1
C1479,Individual,Paul,Carter,1968-03-26,M,USA,California,Investment,1,No,Website,1968-03-26,57,2
C1480,Individual,Danielle,White,1985-04-09,F,USA,Virginia,Investment,3,No,Client,1985-04-09,40,1
C1481,Company,Caldera,Co,1984-12-04,F,USA,Arizona,Investment,3,No,Website,1984-12-04,40,3
C1482,Individual,Kimberly,Murray,1953-01-24,F,USA,Oregon,Home,2,Yes,Website,1953-01-24,72,1
C1483,Individual,Gary,Hall,1975-06-01,M,USA,Colorado,Home,3,Yes,Agency,1975-06-01,50,2
C1484,Individual,Christina,Nelson,1971-10-09,F,USA,Colorado,Home,3,No,Client,1971-10-09,53,1
C1485,Individual,Rachel,Scott,1984-06-26,F,USA,Washington,Investment,4,No,Website,1984-06-26,41,1
C1486,Individual,Madison,Campbell,1996-06-14,F,UK,Wales,Home,5,Yes,Website,1996-06-14,29,1
C1487,Individual,Sandra,Martin,1965-12-10,F,USA,New York,Home,3,No,Agency,1965-12-10,59,1
C1488,Individual,Keith,Scott,1975-09-07,M,USA,Florida,Investment,2,No,Website,1975-09-07,49,2
C1489,Individual,Gloria,Montgomery,1951-03-19,F,USA,Arizona,Home,5,No,Agency,1951-03-19,74,1
C1490,Individual,Dennis,Hall,1994-11-06,M,UK,Wales,Investment,5,Yes,Client,1994-11-06,30,2
C1491,Individual,Rebecca,Evans,1997-07-10,F,USA,Georgia,Home,4,No,Agency,1997-07-10,27,1
C1492,Individual,Mary,Taylor,1984-12-18,F,Germany,Bavaria,Home,2,No,Agency,1984-12-18,40,1
C1493,Individual,Thomas,Bennett,1992-03-16,M,USA,Washington,Home,4,Yes,Agency,1992-03-16,33,2
C1494,Individual,Nicholas,Cooper,1996-04-09,M,USA,New York,Home,1,No,Client,1996-04-09,29,2
C1495,Individual,Jason,Hughes,1991-11-09,M,Denmark,Capital Region,Home,1,No,Website,1991-11-09,33,2
C1496,Individual,Bryan,Patterson,1986-11-15,M,USA,Florida,Home,5,No,Agency,1986-11-15,38,2
C1497,Individual,Samuel,Parker,1940-01-13,M,USA,California,Investment,4,No,Agency,1940-01-13,85,2
C1498,Individual,Nicole,Carter,1967-02-03,F,Mexico,Puebla,Investment,5,No,Website,1967-02-03,58,1
C1499,Individual,Lauren,Gray,1997-11-04,F,Russia,Saint Petersburg,Home,3,Yes,Agency,1997-11-04,27,1
C1500,Individual,Shirley,Ward,1995-01-04,F,Australia,Victoria,Home,2,No,Agency,1995-01-04,30,1
C1501,Individual,Brenda,White,1951-12-16,F,USA,Oregon,Investment,4,No,Agency,1951-12-16,73,1
C1502,Individual,Elizabeth,Weaver,1994-10-27,F,UK,Wales,Home,5,Yes,Website,1994-10-27,30,1
C1503,Company,Triton,Co,1986-08-21,M,USA,Arizona,Investment,5,No,Website,1986-08-21,38,3
C1504,Individual,Patrick,Hughes,1946-08-19,M,USA,California,Home,4,No,Website,1946-08-19,78,2
C1505,Individual,William,Cook,1994-05-14,M,USA,Virginia,Home,3,No,Agency,1994-05-14,31,2
C1506,Individual,Larry,Price,1950-01-11,M,USA,Utah,Investment,3,No,Website,1950-01-11,75,2
C1507,Individual,Joyce,Cooper,1951-03-28,F,USA,Florida,Home,3,No,Agency,1951-03-28,74,1
C1508,Individual,Benjamin,Morris,1994-12-03,M,UK,Scotland,Home,3,No,Agency,1994-12-03,30,2
C1509,Individual,Rebecca,Campbell,1946-12-16,F,USA,California,Home,3,No,Website,1946-12-16,78,1
C1510,Company,Altira,Co,1962-12-01,M,USA,California,Home,5,No,Agency,1962-12-01,62,3
C1511,Individual,Ann,Hansen,1989-07-20,F,France,Provence,Home,2,Yes,Website,1989-07-20,35,1
C1512,Individual,Anna,Young,1955-06-18,F,USA,Nevada,Home,4,Yes,Client,1955-06-18,70,1
C1513,Individual,Danielle,Morales,1995-06-08,F,USA,Florida,Home,2,No,Website,1995-06-08,30,1
C1514,Individual,Linda,Bryant,1986-12-08,F,USA,New York,Home,4,No,Website,1986-12-08,38,1
C1515,Individual,Angela,Williams,1946-10-16,F,USA,Nevada,Investment,5,No,Website,1946-10-16,78,1
C1516,Individual,Grace,Wood,1953-05-23,F,USA,Texas,Home,4,No,Website,1953-05-23,72,1
C1517,Individual,Benjamin,Chavez,1978-02-23,M,USA,California,Investment,2,No,Agency,1978-02-23,47,2
C1518,Individual,Teresa,Rogers,1994-10-08,F,Australia,Victoria,Home,5,Yes,Agency,1994-10-08,30,1
C1519,Individual,Kyle,Freeman,1972-08-19,M,USA,California,Home,1,No,Agency,1972-08-19,52,2
C1520,Individual,Patrick,Griffin,1945-12-05,M,USA,Utah,Home,1,No,Website,1945-12-05,79,2
C1521,Individual,Bryan,Foster,1973-12-25,M,USA,Nevada,Home,4,No,Agency,1973-12-25,51,2
C1522,Individual,Debra,Mitchell,1964-09-14,F,USA,Washington,Home,5,No,Website,1964-09-14,60,1
C1523,Company,Horizon,Co,1981-07-22,M,Australia,Victoria,Investment,3,No,Website,1981-07-22,43,3
C1524,Individual,Jordan,Wilson,1967-07-24,M,USA,Virginia,Home,2,No,Client,1967-07-24,57,2
C1525,Individual,Timothy,Brown,1959-08-24,M,USA,California,Home,1,No,Agency,1959-08-24,65,2
C1526,Individual,Victoria,Howard,1956-08-05,F,USA,California,Home,3,No,Website,1956-08-05,68,1
C1527,Individual,Martha,Thomas,1989-05-13,F,USA,California,Home,1,No,Agency,1989-05-13,36,1
C1528,Individual,Jennifer,Weaver,1997-09-02,F,Germany,Hamburg,Home,1,Yes,Website,1997-09-02,27,1
C1529,Company,Helios,Co,1989-04-19,M,USA,California,Home,4,No,Website,1989-04-19,36,3
C1530,Individual,Sarah,Wright,1988-11-20,F,USA,California,Home,2,No,Website,1988-11-20,36,1
C1531,Individual,Bryan,Cox,1964-03-15,M,France,Brittany,Investment,2,No,Website,1964-03-15,61,2
C1532,Individual,Linda,Freeman,1998-09-26,F,USA,Texas,Home,3,Yes,Website,1998-09-26,26,1
C1533,Individual,Anthony,Bryant,1988-10-05,M,Canada,British Columbia,Home,4,No,Agency,1988-10-05,36,2
C1534,Individual,Sandra,Pierce,1996-06-08,F,USA,California,Home,4,Yes,Website,1996-06-08,29,1
C1535,Individual,Jeremy,Stone,1994-09-03,M,UK,England,Investment,3,No,Agency,1994-09-03,30,2
C1536,Individual,Sara,Baker,1982-06-05,F,USA,Washington,Home,3,No,Website,1982-06-05,43,1
C1537,Individual,Lisa,Foster,1999-08-04,F,USA,Arizona,Home,5,No,Website,1999-08-04,25,1
C1538,Individual,Jessica,Kim,1947-01-07,F,USA,California,Investment,5,No,Website,1947-01-07,78,1
C1539,Individual,Terry,Brown,1997-05-13,M,USA,Nevada,Home,1,No,Agency,1997-05-13,28,2
C1540,Individual,Roger,Cox,1957-12-02,M,USA,California,Home,2,Yes,Client,1957-12-02,67,2
C1541,Individual,Carl,Adams,1964-11-20,M,USA,California,Home,2,No,Website,1964-11-20,60,2
C1542,Individual,Gary,Cook,1989-07-27,M,USA,Nevada,Home,1,Yes,Website,1989-07-27,35,2
C1543,Individual,Virginia,Peterson,1955-11-10,F,USA,New York,Investment,3,No,Agency,1955-11-10,69,1
C1544,Individual,Heather,Evans,1947-04-27,F,Russia,Tatarstan,Home,3,No,Website,1947-04-27,78,1
C1545,Individual,Elizabeth,Price,1992-11-23,F,USA,California,Investment,1,Yes,Website,1992-11-23,32,1
C1546,Individual,Sarah,Scott,1966-06-06,F,Mexico,Puebla,Home,4,Yes,Agency,1966-06-06,59,1
C1547,Individual,Margaret,Martin,1975-04-03,F,USA,Florida,Home,2,Yes,Agency,1975-04-03,50,1
C1548,Company,Telnox,Co,1967-12-26,M,USA,California,Home,2,Yes,Website,1967-12-26,57,3
C1549,Individual,Gary,Reyes,1961-06-15,M,Mexico,Nuevo Leon,Home,4,No,Client,1961-06-15,64,2
C1550,Individual,Jason,Rogers,1998-10-01,M,USA,California,Home,2,No,Agency,1998-10-01,26,2
C1551,Individual,Aaron,Howard,1991-05-17,M,USA,California,Home,2,No,Agency,1991-05-17,34,2
C1552,Individual,Peter,Wilson,1947-04-20,M,USA,California,Investment,2,Yes,Agency,1947-04-20,78,2
C1553,Company,Horizon,Co,1990-03-27,M,USA,Utah,Home,4,No,Agency,1990-03-27,35,3
C1554,Individual,Gregory,Cox,1998-03-04,M,Germany,Bavaria,Home,1,No,Website,1998-03-04,27,2
C1555,Individual,Julia,Martin,1946-04-25,F,UK,England,Home,5,No,Website,1946-04-25,79,1
C1556,Individual,Grace,Wood,1982-11-20,F,USA,Colorado,Investment,2,No,Agency,1982-11-20,42,1
C1557,Individual,Joan,Griffin,1942-03-15,F,USA,New York,Home,2,Yes,Website,1942-03-15,83,1
C1558,Individual,Tyler,Phillips,1944-03-12,M,Mexico,Baja California,Home,4,No,Website,1944-03-12,81,2
C1559,Individual,Sara,Mitchell,1975-03-27,F,UK,England,Home,2,No,Website,1975-03-27,50,1
C1560,Individual,Christina,Hughes,1940-07-15,F,USA,California,Home,4,Yes,Client,1940-07-15,84,1
C1561,Individual,Jeffrey,Green,1964-04-28,M,Mexico,Nuevo Leon,Investment,5,No,Agency,1964-04-28,61,2
C1562,Individual,Maria,Morris,1987-07-05,F,USA,California,Home,4,No,Client,1987-07-05,37,1
C1563,Individual,Susan,Baker,1987-06-18,F,USA,Utah,Home,5,No,Website,1987-06-18,38,1
C1564,Individual,Jason,Wood,1964-11-06,M,USA,Washington,Investment,5,No,Website,1964-11-06,60,2
C1565,Individual,Kenneth,Bennett,1980-08-08,M,Mexico,Jalisco,Home,4,No,Agency,1980-08-08,44,2
C1566,Individual,Anthony,Wilson,1995-01-01,M,USA,California,Home,3,No,Website,1995-01-01,30,2
C1567,Individual,Frank,Wilson,1977-10-11,M,USA,Georgia,Home,4,No,Client,1977-10-11,47,2
C1568,Individual,Betty,Owens,1990-03-06,F,USA,California,Home,5,No,Website,1990-03-06,35,1
C1569,Individual,Pamela,Turner,1993-11-05,F,USA,California,Investment,1,Yes,Website,1993-11-05,31,1
C1570,Individual,Amanda,Williams,1963-12-27,F,USA,Ohio,Home,5,No,Website,1963-12-27,61,1
C1571,Individual,Ethan,Morales,1978-06-03,M,USA,California,Home,2,No,Website,1978-06-03,47,2
C1572,Individual,Donald,Baker,1960-06-10,M,Australia,Queensland,Home,3,No,Agency,1960-06-10,65,2
C1573,Individual,Amanda,Richardson,1946-05-07,F,USA,California,Home,1,No,Website,1946-05-07,79,1
C1574,Individual,Gary,Morris,1984-08-14,M,USA,California,Home,4,No,Website,1984-08-14,40,2
C1575,Individual,Paul,Freeman,2000-12-19,M,USA,California,Home,2,No,Website,2000-12-19,24,2
C1576,Individual,Heather,Cook,1977-09-28,F,USA,Nevada,Investment,3,Yes,Website,1977-09-28,47,1
C1577,Individual,Ethan,Edwards,1983-02-15,M,Germany,Bavaria,Home,3,No,Website,1983-02-15,42,2
C1578,Individual,Mark,Turner,1996-03-12,M,USA,California,Investment,2,No,Website,1996-03-12,29,2
C1579,Individual,Robert,Bell,1945-10-03,M,USA,Arizona,Investment,4,No,Website,1945-10-03,79,2
C1580,Individual,Jordan,Martin,1997-12-05,M,USA,Georgia,Investment,1,Yes,Website,1997-12-05,27,2
C1581,Individual,James,Reyes,1950-11-08,M,USA,California,Investment,1,No,Website,1950-11-08,74,2
C1582,Individual,Harold,Baker,1955-08-20,M,France,Ile-de-France,Home,4,Yes,Client,1955-08-20,69,2
C1583,Individual,Peter,Scott,1968-01-03,M,USA,California,Home,2,No,Agency,1968-01-03,57,2
C1584,Company,Nexus,Co,1985-08-12,M,France,Brittany,Investment,1,Yes,Website,1985-08-12,39,3
C1585,Individual,Kevin,Watson,1960-10-10,M,Canada,Ontario,Home,5,No,Website,1960-10-10,64,2
C1586,Individual,Carolyn,Roberts,1967-01-21,F,Germany,Berlin,Home,3,No,Website,1967-01-21,58,1
C1587,Individual,Carl,Cooper,1943-12-02,M,Canada,Quebec,Investment,4,Yes,Agency,1943-12-02,81,2
C1588,Individual,Patricia,Thomas,1980-10-25,F,USA,Utah,Investment,5,No,Website,1980-10-25,44,1
C1589,Individual,Christina,Ward,1953-08-12,F,USA,California,Investment,4,No,Agency,1953-08-12,71,1
C1590,Company,Elara,Co,1979-06-19,F,USA,Oregon,Home,1,No,Website,1979-06-19,46,3
C1591,Individual,Christine,Brooks,1971-08-15,F,USA,California,Investment,4,No,Website,1971-08-15,53,1
C1592,Individual,Heather,Allen,1975-06-01,F,USA,Texas,Investment,2,Yes,Agency,1975-06-01,50,1
C1593,Individual,Anthony,Williams,1975-08-05,M,USA,California,Home,1,No,Website,1975-08-05,49,2
C1594,Individual,Kathleen,Green,1969-10-24,F,USA,Colorado,Home,2,No,Agency,1969-10-24,55,1
C1595,Individual,Charles,Reed,1955-08-20,M,USA,California,Home,5,No,Website,1955-08-20,69,2
C1596,Individual,Frank,Hall,1979-11-10,M,Germany,Berlin,Investment,4,No,Website,1979-11-10,45,2
C1597,Individual,Rachel,Cox,1949-12-28,F,USA,Nevada,Investment,4,Yes,Website,1949-12-28,75,1
C1598,Individual,Angela,Adams,1940-06-23,F,USA,Georgia,Home,4,Yes,Agency,1940-06-23,85,1
C1599,Individual,Stephanie,Thompson,1980-11-19,F,USA,Virginia,Investment,5,Yes,Website,1980-11-19,44,1
C1600,Individual,Jennifer,Rogers,1968-02-13,F,Belgium,Wallonia,Home,5,No,Website,1968-02-13,57,1
C1601,Individual,Tiffany,Parker,1996-08-13,F,Russia,Krasnodar Krai,Home,3,No,Website,1996-08-13,28,1
C1602,Individual,Harold,Turner,1986-11-01,M,USA,Nevada,Investment,4,No,Website,1986-11-01,38,2
C1603,Individual,Hannah,Rogers,1962-09-07,F,UK,England,Home,5,No,Website,1962-09-07,62,1
C1604,Individual,Ronald,Kim,1949-09-10,M,USA,Texas,Home,4,No,Website,1949-09-10,75,2
C1605,Individual,Joshua,Collins,1999-01-21,M,UK,England,Investment,4,Yes,Website,1999-01-21,26,2
C1606,Individual,Zachary,Howard,1965-03-20,M,USA,Washington,Home,1,Yes,Agency,1965-03-20,60,2
C1607,Individual,Emma,Hall,1963-03-11,F,USA,California,Home,3,No,Agency,1963-03-11,62,1
C1608,Individual,Heather,Pierce,1999-11-14,F,UK,England,Home,4,Yes,Website,1999-11-14,25,1
C1609,Individual,Justin,Reed,1964-10-02,M,USA,California,Investment,2,No,Website,1964-10-02,60,2
C1610,Individual,Kenneth,White,1967-03-23,M,USA,California,Investment,3,No,Website,1967-03-23,58,2
C1611,Individual,Sarah,Bryant,1975-09-02,F,USA,Nevada,Investment,4,No,Website,1975-09-02,49,1
C1612,Individual,Jason,Price,1990-02-25,M,USA,California,Home,1,No,Agency,1990-02-25,35,2
C1613,Individual,Ryan,Griffin,1998-01-08,M,Denmark,Southern Denmark,Home,2,Yes,Agency,1998-01-08,27,2
C1614,Individual,Julie,Williams,1968-05-16,F,USA,Utah,Investment,4,No,Website,1968-05-16,57,1
C1615,Individual,Jason,Mitchell,1963-08-01,M,USA,Utah,Home,5,No,Agency,1963-08-01,61,2
C1616,Individual,Aaron,Nelson,1991-09-01,M,UK,Wales,Investment,5,Yes,Website,1991-09-01,33,2
C1617,Individual,Michelle,Baker,1952-10-09,F,USA,California,Home,3,No,Website,1952-10-09,72,1
C1618,Individual,Linda,Price,1962-11-22,F,USA,Washington,Home,2,Yes,Website,1962-11-22,62,1
C1619,Individual,Jason,Baker,1952-10-24,M,Belgium,Wallonia,Home,2,No,Website,1952-10-24,72,2
C1620,Individual,Jacob,Morales,1944-05-07,M,USA,California,Home,1,Yes,Website,1944-05-07,81,2
C1621,Individual,Carl,Wood,1954-06-15,M,USA,Oregon,Investment,2,No,Agency,1954-06-15,71,2
C1622,Individual,Angela,Taylor,1961-02-01,F,USA,Oregon,Home,1,Yes,Website,1961-02-01,64,1
C1623,Individual,Julia,Hall,1994-01-12,F,USA,Oregon,Home,4,No,Website,1994-01-12,31,1
C1624,Individual,Jennifer,Stewart,1951-01-04,F,USA,California,Home,4,Yes,Website,1951-01-04,74,1
C1625,Individual,Harold,Wright,2000-02-03,M,Australia,Western Australia,Home,4,No,Agency,2000-02-03,25,2
C1626,Individual,Jennifer,Morales,1970-02-24,F,France,Provence,Home,2,Yes,Website,1970-02-24,55,1
C1627,Individual,David,Bryant,1973-08-14,M,USA,California,Investment,1,No,Website,1973-08-14,51,2
C1628,Company,Lumina,Co,1993-10-13,F,France,Normandy,Home,4,Yes,Website,1993-10-13,31,3
C1629,Individual,Stephanie,Roberts,1956-08-26,F,USA,Utah,Home,5,No,Agency,1956-08-26,68,1
C1630,Company,Grandis,Co,1994-05-06,F,USA,Virginia,Investment,1,Yes,Website,1994-05-06,31,3
C1631,Individual,Joan,Patterson,1966-03-12,F,UK,Northern Ireland,Home,5,No,Website,1966-03-12,59,1
C1632,Individual,Victoria,Wright,1963-07-12,F,USA,California,Investment,3,Yes,Agency,1963-07-12,61,1
C1633,Individual,Sara,Bennett,1977-07-03,F,Canada,Ontario,Home,2,No,Website,1977-07-03,47,1
C1634,Individual,Sara,King,1944-01-11,F,USA,Georgia,Investment,2,No,Website,1944-01-11,81,1
C1635,Individual,Lawrence,Moore,1948-04-27,M,France,Brittany,Home,1,No,Website,1948-04-27,77,2
C1636,Company,Zynex,Co,1987-01-10,F,USA,Arizona,Home,5,Yes,Website,1987-01-10,38,3
C1637,Individual,Jacob,Cook,1969-02-11,M,Mexico,Nuevo Leon,Home,5,No,Agency,1969-02-11,56,2
C1638,Individual,Cynthia,Peterson,1978-12-14,F,France,Occitanie,Investment,1,Yes,Agency,1978-12-14,46,1
C1639,Individual,Ronald,Smith,1943-09-26,M,USA,Colorado,Home,1,No,Website,1943-09-26,81,2
C1640,Individual,Helen,Adams,1966-11-04,F,USA,California,Home,1,Yes,Website,1966-11-04,58,1
C1641,Individual,Charles,Phillips,1972-02-14,M,USA,Utah,Home,1,No,Agency,1972-02-14,53,2
C1642,Individual,Maria,Adams,1981-07-20,F,Canada,British Columbia,Home,5,No,Website,1981-07-20,43,1
C1643,Individual,Carl,Rogers,1978-01-09,M,France,Ile-de-France,Home,4,No,Agency,1978-01-09,47,2
C1644,Individual,Megan,Freeman,1944-06-22,F,USA,California,Home,1,No,Client,1944-06-22,81,1
C1645,Individual,Shirley,Chavez,1995-02-08,F,Australia,New South Wales,Investment,1,No,Website,1995-02-08,30,1
C1646,Individual,Billy,Patterson,1998-06-10,M,USA,Washington,Investment,4,Yes,Agency,1998-06-10,27,2
C1647,Individual,Paul,Stone,1945-11-25,M,USA,Ohio,Home,4,Yes,Agency,1945-11-25,79,2
C1648,Individual,Julia,Wood,1949-09-21,F,Australia,New South Wales,Home,3,No,Website,1949-09-21,75,1
C1649,Individual,Melissa,Price,1982-03-02,F,USA,Oregon,Home,4,Yes,Agency,1982-03-02,43,1
C1650,Individual,Edward,Griffin,1969-04-01,M,USA,Washington,Investment,2,No,Website,1969-04-01,56,2
C1651,Individual,Ryan,Bell,1945-11-19,M,USA,California,Investment,4,No,Website,1945-11-19,79,2
C1652,Individual,Paul,Weaver,1964-01-15,M,USA,Nevada,Investment,4,Yes,Client,1964-01-15,61,2
C1653,Individual,Sara,White,1974-08-02,F,USA,Colorado,Investment,4,Yes,Website,1974-08-02,50,1
C1654,Individual,Judith,Brooks,1968-04-05,F,USA,California,Home,1,No,Website,1968-04-05,57,1
C1655,Individual,Sara,Cox,1965-05-16,F,USA,Texas,Investment,2,No,Website,1965-05-16,60,1
C1656,Individual,Jacob,Baker,1991-05-05,M,Belgium,Wallonia,Investment,4,Yes,Website,1991-05-05,34,2
C1657,Individual,Donald,Kim,1958-05-19,M,USA,California,Home,2,No,Website,1958-05-19,67,2
C1658,Individual,Ronald,Patterson,1970-08-07,M,USA,California,Home,5,No,Agency,1970-08-07,54,2
C1659,Individual,Joshua,Thompson,1946-09-05,M,Denmark,Zealand,Home,4,No,Website,1946-09-05,78,2
C1660,Individual,Henry,Richardson,1940-04-27,M,USA,Nevada,Home,4,Yes,Website,1940-04-27,85,2
C1661,Individual,Ronald,Cox,1975-08-20,M,USA,Washington,Home,4,No,Agency,1975-08-20,49,2
C1662,Individual,Gary,Montgomery,1967-05-16,M,Russia,Tatarstan,Home,4,No,Website,1967-05-16,58,2
C1663,Individual,Joshua,Garcia,1977-05-13,M,USA,Colorado,Investment,3,No,Agency,1977-05-13,48,2
C1664,Individual,Judith,Hayes,1969-07-25,F,France,Occitanie,Investment,5,No,Agency,1969-07-25,55,1
C1665,Individual,Harold,Bell,1995-12-16,M,USA,Arizona,Home,5,No,Website,1995-12-16,29,2
C1666,Individual,Brenda,Edwards,1962-09-08,F,USA,Ohio,Home,2,No,Website,1962-09-08,62,1
C1667,Individual,Stephanie,Cook,1967-11-14,F,USA,California,Investment,4,No,Agency,1967-11-14,57,1
C1668,Individual,Scott,Green,1957-11-12,M,Australia,Victoria,Home,5,No,Website,1957-11-12,67,2
C1669,Individual,Steven,Collins,1960-04-07,M,Canada,Alberta,Investment,3,Yes,Agency,1960-04-07,65,2
C1670,Individual,Angela,Watson,1970-12-09,F,USA,Colorado,Home,3,Yes,Website,1970-12-09,54,1
C1671,Individual,Ashley,Howard,1948-09-13,F,USA,California,Home,3,No,Agency,1948-09-13,76,1
C1672,Individual,Jacqueline,Morales,1974-04-09,F,USA,Nevada,Investment,4,No,Website,1974-04-09,51,1
C1673,Individual,Katherine,Martin,1992-03-04,F,USA,Washington,Home,1,Yes,Website,1992-03-04,33,1
C1674,Individual,Emily,Jackson,1941-12-22,F,USA,California,Home,5,Yes,Website,1941-12-22,83,1
C1675,Individual,Emma,Reyes,1985-04-08,F,Canada,Alberta,Investment,5,No,Website,1985-04-08,40,1
C1676,Individual,Amy,Allen,1999-09-19,F,USA,Washington,Home,2,No,Website,1999-09-19,25,1
C1677,Individual,Kevin,Thomas,1964-12-20,M,USA,Texas,Home,1,Yes,Website,1964-12-20,60,2
C1678,Individual,Gary,Sanders,1961-03-06,M,USA,California,Home,1,Yes,Agency,1961-03-06,64,2
C1679,Individual,Christina,Nelson,1986-02-28,F,USA,Nevada,Investment,4,No,Website,1986-02-28,39,1
C1680,Individual,Danielle,Howard,1999-09-25,F,USA,California,Investment,4,No,Agency,1999-09-25,25,1
C1681,Individual,Carl,Alexander,1961-07-27,M,USA,Oregon,Home,3,Yes,Client,1961-07-27,63,2
C1682,Individual,Amanda,Brooks,1987-04-11,F,USA,Nevada,Home,2,No,Website,1987-04-11,38,1
C1683,Individual,Amber,Patterson,1999-11-19,F,USA,Oregon,Investment,1,No,Client,1999-11-19,25,1
C1684,Individual,Grace,Cooper,1977-07-01,F,USA,Colorado,Investment,4,No,Website,1977-07-01,48,1
C1685,Individual,Kathleen,Parker,1977-05-16,F,USA,California,Home,5,No,Agency,1977-05-16,48,1
C1686,Individual,David,Howard,1977-01-25,M,USA,California,Investment,2,Yes,Agency,1977-01-25,48,2
C1687,Individual,Eric,Anderson,1967-05-15,M,USA,California,Home,4,Yes,Website,1967-05-15,58,2
C1688,Individual,Amanda,Flores,1996-04-28,F,USA,Oregon,Home,5,No,Client,1996-04-28,29,1
C1689,Individual,Virginia,King,1985-01-26,F,USA,Oregon,Investment,1,Yes,Client,1985-01-26,40,1
C1690,Individual,Terry,Martin,1951-08-18,M,Denmark,North Denmark,Home,2,Yes,Agency,1951-08-18,73,2
C1691,Individual,Robert,Reed,1946-03-25,M,USA,Arizona,Home,5,No,Website,1946-03-25,79,2
C1692,Individual,Joseph,Patterson,1991-03-08,M,Canada,Ontario,Home,5,Yes,Agency,1991-03-08,34,2
C1693,Individual,Donald,Turner,1990-11-20,M,Belgium,Flanders,Home,1,No,Website,1990-11-20,34,2
C1694,Individual,Gloria,Foster,1957-07-18,F,USA,Virginia,Home,5,No,Agency,1957-07-18,67,1
C1695,Individual,Tiffany,Peterson,1955-12-13,F,Belgium,Flanders,Home,5,No,Website,1955-12-13,69,1
C1696,Individual,Emily,Jones,1987-02-20,F,USA,Florida,Home,1,No,Website,1987-02-20,38,1
C1697,Individual,Maria,Brown,1980-08-07,F,Belgium,Brussels,Home,2,No,Client,1980-08-07,44,1
C1698,Individual,Zachary,Stone,1950-12-05,M,UK,Northern Ireland,Home,4,Yes,Website,1950-12-05,74,2
C1699,Individual,Peter,Phillips,1969-07-15,M,Australia,Western Australia,Home,3,Yes,Agency,1969-07-15,55,2
C1700,Individual,Nicholas,Young,1943-11-04,M,USA,Nevada,Home,3,No,Website,1943-11-04,81,2
C1701,Individual,Karen,Montgomery,1982-06-27,F,USA,Arizona,Home,1,No,Website,1982-06-27,43,1
C1702,Individual,Frank,Alexander,1990-01-04,M,USA,Washington,Investment,5,Yes,Website,1990-01-04,35,2
C1703,Individual,Gerald,Cox,1999-08-13,M,USA,Texas,Investment,4,No,Agency,1999-08-13,25,2
C1704,Individual,Susan,Flores,1963-02-15,F,Denmark,Capital Region,Home,4,No,Agency,1963-02-15,62,1
C1705,Individual,Kenneth,Howard,1979-11-23,M,USA,Virginia,Investment,3,Yes,Website,1979-11-23,45,2
C1706,Individual,Matthew,Jordan,1976-05-13,M,USA,California,Home,3,Yes,Website,1976-05-13,49,2
C1707,Individual,Adam,Allen,1973-09-19,M,USA,Georgia,Home,1,Yes,Website,1973-09-19,51,2
C1708,Individual,Andrea,Wilson,1986-08-06,F,Germany,Hesse,Home,1,Yes,Agency,1986-08-06,38,1
C1709,Individual,Danielle,Cox,1946-08-09,F,USA,Arizona,Investment,3,No,Agency,1946-08-09,78,1
C1710,Individual,Joe,Flores,1957-05-26,M,Canada,Alberta,Investment,2,Yes,Website,1957-05-26,68,2
C1711,Individual,Debra,Hayes,1981-08-24,F,USA,California,Investment,3,Yes,Website,1981-08-24,43,1
C1712,Individual,Ryan,Turner,1971-03-04,M,France,Occitanie,Home,5,No,Website,1971-03-04,54,2
C1713,Individual,Julia,Cook,1981-02-08,F,USA,Oregon,Home,1,No,Website,1981-02-08,44,1
C1714,Individual,Nathan,Brooks,1948-07-05,M,USA,Colorado,Home,3,No,Website,1948-07-05,76,2
C1715,Individual,Hannah,Watson,1963-04-13,F,USA,Florida,Home,3,Yes,Agency,1963-04-13,62,1
C1716,Individual,Michelle,Montgomery,1980-10-13,F,USA,California,Home,1,No,Website,1980-10-13,44,1
C1717,Individual,Martha,Thomas,1941-12-21,F,USA,California,Home,4,Yes,Website,1941-12-21,83,1
C1718,Individual,Janet,Peterson,1995-01-06,F,USA,California,Home,1,No,Website,1995-01-06,30,1
C1719,Company,Halcyon,Co,1960-05-10,M,USA,Florida,Home,2,No,Agency,1960-05-10,65,3
C1720,Individual,Danielle,Kim,1996-10-10,F,USA,California,Home,5,Yes,Website,1996-10-10,28,1
C1721,Individual,Carl,Weaver,1986-12-10,M,USA,Nevada,Home,2,No,Agency,1986-12-10,38,2
C1722,Individual,Jacqueline,Morris,1982-11-23,F,USA,Nevada,Home,3,No,Website,1982-11-23,42,1
C1723,Individual,Carol,Allen,1998-02-02,F,Canada,Quebec,Home,2,Yes,Agency,1998-02-02,27,1
C1724,Individual,Justin,Cook,1956-06-19,M,USA,Virginia,Home,4,No,Website,1956-06-19,69,2
C1725,Individual,Sharon,Patterson,1959-01-12,F,USA,Nevada,Home,3,Yes,Website,1959-01-12,66,1
C1726,Individual,Diane,Scott,1948-08-15,F,UK,Northern Ireland,Home,3,No,Website,1948-08-15,76,1
C1727,Individual,Katherine,Morales,1945-12-06,F,USA,New York,Home,3,No,Website,1945-12-06,79,1
C1728,Individual,Kimberly,Garcia,1944-03-08,F,USA,Oregon,Home,3,Yes,Client,1944-03-08,81,1
C1729,Individual,Robert,Richardson,1955-06-26,M,Canada,British Columbia,Home,3,Yes,Website,1955-06-26,70,2
C1730,Individual,Jeffrey,Young,1979-11-22,M,Mexico,Puebla,Investment,5,Yes,Agency,1979-11-22,45,2
C1731,Individual,Nathan,Garcia,1971-12-19,M,USA,California,Home,4,Yes,Website,1971-12-19,53,2
C1732,Individual,Megan,Wilson,1970-07-15,F,Canada,Alberta,Investment,2,No,Agency,1970-07-15,54,1
C1733,Individual,Helen,Jones,1948-04-22,F,USA,California,Home,3,Yes,Agency,1948-04-22,77,1
C1734,Individual,Zachary,Roberts,1975-01-14,M,USA,California,Home,5,No,Website,1975-01-14,50,2
C1735,Individual,Amber,Miller,1969-10-07,F,USA,Utah,Investment,3,No,Website,1969-10-07,55,1
C1736,Individual,Ann,Cook,1989-09-21,F,USA,California,Investment,4,Yes,Website,1989-09-21,35,1
C1737,Individual,Jennifer,Jackson,1992-12-24,F,USA,California,Investment,3,No,Website,1992-12-24,32,1
C1738,Individual,Sharon,Hall,1977-02-25,F,USA,California,Home,5,No,Website,1977-02-25,48,1
C1739,Individual,Steven,Smith,1985-02-25,M,Russia,Novosibirsk,Investment,3,Yes,Website,1985-02-25,40,2
C1740,Individual,Ashley,Alexander,1951-09-15,F,USA,California,Home,5,Yes,Website,1951-09-15,73,1
C1741,Individual,Alexander,Wright,1976-04-18,M,USA,Virginia,Home,5,No,Website,1976-04-18,49,2
C1742,Company,Crestwood,Co,1988-08-14,F,USA,California,Home,5,No,Agency,1988-08-14,36,3
C1743,Individual,Linda,Bell,1946-07-26,F,Belgium,Flanders,Home,1,No,Client,1946-07-26,78,1
C1744,Individual,Brian,Green,1961-11-16,M,Russia,Krasnodar Krai,Investment,1,No,Website,1961-11-16,63,2
C1745,Individual,Ann,Sanders,1976-06-21,F,USA,California,Home,1,No,Website,1976-06-21,49,1
C1746,Individual,Jennifer,Cox,1959-06-14,F,Belgium,Flanders,Home,3,No,Website,1959-06-14,66,1
C1747,Individual,Bryan,Flores,1965-02-19,M,USA,Colorado,Home,5,No,Client,1965-02-19,60,2
C1748,Individual,Albert,Jones,1950-11-11,M,USA,California,Home,4,Yes,Website,1950-11-11,74,2
C1749,Individual,Brandon,Moore,1956-05-27,M,USA,California,Home,3,No,Website,1956-05-27,69,2
C1750,Company,Stratos,Co,1991-01-12,M,USA,Colorado,Home,3,No,Website,1991-01-12,34,3
C1751,Individual,Christine,Scott,1955-02-28,F,USA,Ohio,Home,5,No,Website,1955-02-28,70,1
C1752,Individual,Jonathan,Cook,1980-02-06,M,USA,California,Investment,1,Yes,Website,1980-02-06,45,2
C1753,Individual,Arthur,Peterson,1945-12-18,M,USA,Georgia,Investment,3,Yes,Website,1945-12-18,79,2
C1754,Individual,Frank,Gray,1995-11-11,M,USA,Virginia,Home,2,Yes,Website,1995-11-11,29,2
C1755,Individual,Mark,Griffin,1998-08-26,M,USA,Nevada,Home,1,Yes,Website,1998-08-26,26,2
C1756,Individual,Daniel,Cook,1990-03-21,M,USA,Utah,Home,1,No,Website,1990-03-21,35,2
C1757,Individual,Brian,Hayes,1985-07-01,M,Germany,Bavaria,Home,3,No,Client,1985-07-01,40,2
C1758,Individual,Carl,Pierce,1985-01-14,M,USA,Oregon,Investment,4,Yes,Agency,1985-01-14,40,2
C1759,Individual,Jose,Stone,1974-10-10,M,USA,California,Investment,1,No,Website,1974-10-10,50,2
C1760,Individual,Mary,Harris,1975-10-07,F,Belgium,Brussels,Home,2,No,Website,1975-10-07,49,1
C1761,Individual,Nicholas,Thompson,1955-01-08,M,USA,Washington,Home,1,No,Website,1955-01-08,70,2
C1762,Individual,Larry,Harris,1964-01-21,M,USA,Virginia,Home,1,No,Website,1964-01-21,61,2
C1763,Individual,Kimberly,Young,1954-11-26,F,USA,New York,Home,3,No,Website,1954-11-26,70,1
C1764,Individual,Kelly,Baker,1946-11-05,F,USA,Nevada,Home,2,No,Agency,1946-11-05,78,1
C1765,Individual,Pamela,Reyes,1997-05-01,F,USA,Colorado,Home,1,Yes,Client,1997-05-01,28,1
C1766,Individual,Sharon,Bennett,1993-05-05,F,USA,California,Home,4,No,Website,1993-05-05,32,1
C1767,Individual,Joe,Sanders,1978-05-21,M,USA,Colorado,Home,3,No,Website,1978-05-21,47,2
C1768,Individual,Cynthia,Hughes,1943-03-01,F,Russia,Saint Petersburg,Home,4,No,Website,1943-03-01,82,1
C1769,Company,Forsyte,Co,1985-10-22,M,USA,Oregon,Home,1,Yes,Client,1985-10-22,39,3
C1770,Individual,Betty,Parker,1945-11-17,F,USA,Washington,Home,1,Yes,Agency,1945-11-17,79,1
C1771,Company,Atlas,Co,1975-06-22,M,USA,Georgia,Home,3,Yes,Client,1975-06-22,50,3
C1772,Company,Forsyte,Co,1975-01-13,F,Canada,Alberta,Investment,5,Yes,Agency,1975-01-13,50,3
C1773,Individual,Kenneth,Williams,1980-12-25,M,USA,Nevada,Investment,3,Yes,Agency,1980-12-25,44,2
C1774,Individual,Frank,James,1984-12-26,M,USA,Oregon,Home,4,No,Agency,1984-12-26,40,2
C1775,Individual,Betty,Howard,1970-10-07,F,USA,California,Home,3,No,Agency,1970-10-07,54,1
C1776,Individual,Martha,Mitchell,1973-09-01,F,France,Occitanie,Home,1,No,Website,1973-09-01,51,1
C1777,Individual,Jason,Long,1974-09-24,M,USA,California,Investment,5,No,Client,1974-09-24,50,2
C1778,Individual,Jeffrey,Cox,1994-01-09,M,USA,Georgia,Investment,4,Yes,Website,1994-01-09,31,2
C1779,Individual,Sharon,Thomas,1979-04-20,F,USA,California,Home,5,No,Client,1979-04-20,46,1
C1780,Individual,Richard,Patterson,1956-05-18,M,USA,Utah,Investment,1,No,Website,1956-05-18,69,2
C1781,Individual,Betty,Thomas,1968-10-08,F,USA,California,Home,4,No,Website,1968-10-08,56,1
C1782,Individual,Ann,King,1999-12-04,F,UK,England,Investment,1,No,Website,1999-12-04,25,1
C1783,Individual,Jacob,Garcia,1954-03-07,M,USA,California,Home,3,No,Website,1954-03-07,71,2
C1784,Individual,Albert,Moore,1998-02-24,M,Australia,Western Australia,Home,3,No,Client,1998-02-24,27,2
C1785,Individual,Lauren,Allen,1956-02-27,F,USA,Colorado,Home,1,Yes,Website,1956-02-27,69,1
C1786,Individual,Adam,White,1995-03-07,M,USA,California,Home,1,No,Website,1995-03-07,30,2
C1787,Individual,Stephen,Flores,1955-09-22,M,USA,Georgia,Investment,5,No,Agency,1955-09-22,69,2
C1788,Individual,Zachary,James,1989-10-27,M,USA,California,Home,3,No,Website,1989-10-27,35,2
C1789,Individual,Edward,Brooks,1982-07-25,M,USA,Colorado,Home,5,Yes,Agency,1982-07-25,42,2
C1790,Individual,Jacob,Hansen,1940-02-18,M,USA,Nevada,Investment,5,No,Client,1940-02-18,85,2
C1791,Individual,Gerald,Scott,1966-04-26,M,USA,California,Home,5,No,Agency,1966-04-26,59,2
C1792,Individual,Terry,Pierce,1995-06-17,M,USA,California,Home,3,No,Agency,1995-06-17,30,2
C1793,Individual,Richard,James,1969-04-05,M,USA,Utah,Investment,1,No,Website,1969-04-05,56,2
C1794,Individual,Douglas,Chavez,1995-12-25,M,USA,Colorado,Home,3,No,Website,1995-12-25,29,2
C1795,Individual,William,Brown,1945-12-01,M,USA,California,Home,5,Yes,Website,1945-12-01,79,2
C1796,Individual,Betty,Hughes,1950-09-21,F,USA,California,Investment,5,Yes,Client,1950-09-21,74,1
C1797,Individual,Katherine,Howard,1957-02-26,F,USA,Oregon,Home,3,Yes,Website,1957-02-26,68,1
C1798,Individual,Bryan,Peterson,1966-08-10,M,USA,Arizona,Investment,1,Yes,Website,1966-08-10,58,2
C1799,Individual,Cheryl,Freeman,1950-01-11,F,USA,Colorado,Home,5,No,Agency,1950-01-11,75,1
C1800,Individual,James,Campbell,1944-04-13,M,USA,Oregon,Home,1,No,Client,1944-04-13,81,2
C1801,Individual,Jose,Howard,1964-02-08,M,USA,California,Home,5,Yes,Website,1964-02-08,61,2
C1802,Individual,Jack,Morris,1948-03-26,M,USA,Nevada,Investment,1,No,Client,1948-03-26,77,2
C1803,Individual,Susan,Bennett,1987-04-14,F,Canada,Quebec,Investment,5,No,Agency,1987-04-14,38,1
C1804,Individual,Albert,Kim,1989-03-03,M,USA,California,Home,1,No,Website,1989-03-03,36,2
C1805,Individual,Austin,Kim,1953-01-09,M,UK,Northern Ireland,Investment,3,No,Website,1953-01-09,72,2
C1806,Individual,Martha,Turner,1967-04-13,F,Australia,New South Wales,Investment,2,No,Agency,1967-04-13,58,1
C1807,Individual,Angela,Allen,1957-02-05,F,France,Brittany,Home,5,No,Website,1957-02-05,68,1
C1808,Individual,Victoria,Stewart,1990-01-08,F,USA,Washington,Investment,2,No,Client,1990-01-08,35,1
C1809,Individual,Laura,White,1981-05-03,F,USA,New York,Home,4,Yes,Agency,1981-05-03,44,1
C1810,Individual,Maria,Collins,1945-01-06,F,USA,Texas,Home,3,No,Agency,1945-01-06,80,1
C1811,Individual,Stephanie,Williams,1958-02-16,F,USA,California,Home,3,Yes,Agency,1958-02-16,67,1
C1812,Individual,Ryan,White,1977-04-18,M,France,Provence,Home,5,Yes,Website,1977-04-18,48,2
C1813,Individual,Walter,Jordan,1947-12-02,M,Germany,Hamburg,Investment,3,Yes,Website,1947-12-02,77,2
C1814,Individual,Scott,Roberts,1987-04-07,M,Denmark,North Denmark,Home,2,No,Website,1987-04-07,38,2
C1815,Individual,Aaron,Carter,1949-03-26,M,USA,California,Home,5,No,Agency,1949-03-26,76,2
C1816,Individual,Sean,Miller,1962-04-08,M,Canada,Quebec,Home,2,No,Website,1962-04-08,63,2
C1817,Individual,Cynthia,Garcia,1944-07-28,F,USA,Virginia,Home,1,No,Agency,1944-07-28,80,1
C1818,Individual,Christine,Wood,1994-08-17,F,USA,Washington,Investment,5,Yes,Website,1994-08-17,30,1
C1819,Individual,William,Brown,1963-02-11,M,Russia,Krasnodar Krai,Home,1,No,Website,1963-02-11,62,2
C1820,Individual,Nicholas,Howard,1979-08-21,M,France,Provence,Home,3,No,Website,1979-08-21,45,2
C1821,Individual,Adam,Smith,1944-10-22,M,USA,Nevada,Home,5,No,Website,1944-10-22,80,2
C1822,Individual,Frank,Weaver,1996-02-28,M,USA,Oregon,Investment,5,Yes,Website,1996-02-28,29,2
C1823,Individual,Jacob,Watson,1967-08-11,M,USA,Oregon,Home,4,Yes,Website,1967-08-11,57,2
C1824,Individual,Jeffrey,Weaver,1962-09-05,M,USA,California,Home,3,No,Website,1962-09-05,62,2
C1825,Individual,Eric,Jones,1956-12-28,M,Mexico,Nuevo Leon,Home,2,No,Agency,1956-12-28,68,2
C1826,Individual,Jack,Williams,1951-06-08,M,USA,Ohio,Home,4,No,Client,1951-06-08,74,2
C1827,Individual,Donald,Thompson,1973-01-02,M,USA,New York,Home,5,Yes,Website,1973-01-02,52,2
C1828,Individual,William,Wood,1991-11-15,M,USA,California,Investment,2,Yes,Website,1991-11-15,33,2
C1829,Individual,Rachel,Ward,1997-07-17,F,USA,California,Home,5,Yes,Agency,1997-07-17,27,1
C1830,Individual,Virginia,Owens,1959-03-20,F,USA,Arizona,Home,3,No,Website,1959-03-20,66,1
C1831,Individual,Janice,Smith,1950-09-15,F,Russia,Tatarstan,Home,3,No,Website,1950-09-15,74,1
C1832,Individual,Henry,Garcia,1987-04-21,M,USA,Oregon,Investment,1,Yes,Website,1987-04-21,38,2
C1833,Individual,Jennifer,Weaver,1948-01-17,F,USA,Arizona,Investment,1,Yes,Website,1948-01-17,77,1
C1834,Individual,Zachary,Phillips,1963-03-13,M,Belgium,Flanders,Investment,5,No,Agency,1963-03-13,62,2
C1835,Individual,Nicole,Pierce,1959-10-25,F,Canada,Alberta,Investment,4,Yes,Agency,1959-10-25,65,1
C1836,Individual,Judy,Wood,1960-10-08,F,USA,California,Investment,1,Yes,Website,1960-10-08,64,1
C1837,Individual,Julia,Freeman,1950-04-06,F,USA,California,Home,2,Yes,Client,1950-04-06,75,1
C1838,Individual,Joyce,Morales,1965-01-14,F,Canada,Alberta,Investment,1,No,Agency,1965-01-14,60,1
C1839,Individual,Kyle,Gray,1943-01-21,M,USA,California,Investment,2,No,Agency,1943-01-21,82,2
C1840,Individual,Gerald,Weaver,1986-06-22,M,UK,England,Investment,3,No,Website,1986-06-22,39,2
C1841,Individual,Austin,Williams,1947-05-27,M,USA,New York,Home,4,No,Website,1947-05-27,78,2
C1842,Company,Rexon,Co,1978-10-08,M,Canada,Alberta,Home,3,Yes,Agency,1978-10-08,46,3
C1843,Individual,Jose,Stone,1952-06-18,M,Germany,Hesse,Home,4,No,Website,1952-06-18,73,2
C1844,Individual,Grace,Howard,1978-07-21,F,USA,Ohio,Home,1,No,Agency,1978-07-21,46,1
C1845,Individual,Joshua,Green,1949-09-11,M,USA,California,Investment,1,Yes,Website,1949-09-11,75,2
C1846,Individual,Sara,Allen,1985-10-26,F,Russia,Novosibirsk,Home,5,Yes,Agency,1985-10-26,39,1
C1847,Individual,Brian,Griffin,1952-04-01,M,USA,Utah,Home,4,No,Website,1952-04-01,73,2
C1848,Individual,Sarah,Davis,1993-07-17,F,USA,California,Home,2,No,Website,1993-07-17,31,1
C1849,Individual,Joseph,Wilson,1976-09-02,M,Canada,Alberta,Investment,3,Yes,Website,1976-09-02,48,2
C1850,Individual,Gregory,Miller,1971-07-25,M,USA,New York,Investment,5,Yes,Agency,1971-07-25,53,2
C1851,Individual,Kimberly,Miller,1954-06-08,F,UK,England,Home,3,Yes,Agency,1954-06-08,71,1
C1852,Individual,Julie,Hall,1997-12-15,F,USA,Virginia,Home,4,No,Website,1997-12-15,27,1
C1853,Individual,Jennifer,Owens,1949-02-24,F,USA,Virginia,Investment,4,No,Website,1949-02-24,76,1
C1854,Company,Rexon,Co,1960-03-23,M,France,Ile-de-France,Investment,1,No,Client,1960-03-23,65,3
C1855,Individual,Gloria,Hansen,1984-02-07,F,USA,California,Home,2,Yes,Website,1984-02-07,41,1
C1856,Company,Altira,Co,1994-05-24,M,USA,Virginia,Home,2,No,Website,1994-05-24,31,3
C1857,Individual,Walter,Johnson,1987-03-22,M,USA,California,Investment,2,Yes,Website,1987-03-22,38,2
C1858,Individual,Amy,Hayes,1958-06-05,F,USA,Colorado,Home,5,No,Website,1958-06-05,67,1
C1859,Individual,Zachary,Taylor,1943-11-18,M,USA,California,Home,5,Yes,Client,1943-11-18,81,2
C1860,Company,Caldera,Co,1970-07-17,F,USA,California,Home,4,Yes,Agency,1970-07-17,54,3
C1861,Individual,Nathan,Evans,1982-01-08,M,USA,California,Investment,3,Yes,Website,1982-01-08,43,2
C1862,Individual,Joshua,Long,1953-08-22,M,USA,California,Home,1,Yes,Website,1953-08-22,71,2
C1863,Individual,Megan,Hansen,1948-03-04,F,UK,Scotland,Home,3,No,Website,1948-03-04,77,1
C1864,Individual,Hannah,Weaver,1972-04-25,F,USA,New York,Home,5,Yes,Website,1972-04-25,53,1
C1865,Individual,Sean,Rogers,1974-01-11,M,USA,Arizona,Investment,4,No,Website,1974-01-11,51,2
C1866,Individual,Joyce,Martin,1971-08-23,F,USA,Nevada,Home,2,No,Agency,1971-08-23,53,1
C1867,Individual,Robert,Richardson,1952-01-13,M,USA,California,Home,2,Yes,Website,1952-01-13,73,2
C1868,Individual,Michelle,Thomas,1975-11-28,F,UK,Wales,Home,1,No,Website,1975-11-28,49,1
C1869,Individual,Margaret,Campbell,1975-10-05,F,Mexico,Nuevo Leon,Home,5,No,Client,1975-10-05,49,1
C1870,Individual,Lawrence,Moore,1980-10-13,M,USA,Washington,Investment,1,No,Agency,1980-10-13,44,2
C1871,Individual,Amy,Reyes,1961-10-18,F,USA,Texas,Home,1,Yes,Website,1961-10-18,63,1
C1872,Individual,Raymond,Jones,1940-10-23,M,Mexico,Mexico City,Home,5,No,Client,1940-10-23,84,2
C1873,Individual,Cheryl,Collins,1959-03-10,F,Canada,British Columbia,Home,5,No,Agency,1959-03-10,66,1
C1874,Individual,Justin,Cooper,1972-11-18,M,USA,Colorado,Investment,1,No,Agency,1972-11-18,52,2
C1875,Individual,Melissa,Roberts,1943-09-13,F,USA,Nevada,Home,2,No,Client,1943-09-13,81,1
C1876,Company,Bravada,Co,1981-03-17,M,USA,Ohio,Investment,4,Yes,Website,1981-03-17,44,3
C1877,Individual,Walter,Bryant,1961-09-16,M,USA,Arizona,Home,5,No,Agency,1961-09-16,63,2
C1878,Individual,Paul,Rogers,1967-10-07,M,USA,Washington,Home,5,No,Agency,1967-10-07,57,2
C1879,Individual,Deborah,Roberts,1977-01-23,F,USA,New York,Home,3,No,Website,1977-01-23,48,1
C1880,Individual,Joan,Morales,1998-01-22,F,USA,California,Home,5,Yes,Client,1998-01-22,27,1
C1881,Individual,Brenda,Phillips,1989-09-13,F,USA,Oregon,Home,2,Yes,Website,1989-09-13,35,1
C1882,Individual,Deborah,Turner,1960-03-22,F,USA,Virginia,Investment,3,No,Website,1960-03-22,65,1
C1883,Individual,Sean,Peterson,1941-02-11,M,USA,California,Home,1,No,Agency,1941-02-11,84,2
C1884,Individual,Terry,Bell,1954-08-06,M,USA,Nevada,Home,5,Yes,Website,1954-08-06,70,2
C1885,Individual,Ryan,Bell,1967-10-26,M,Germany,Hamburg,Home,1,Yes,Agency,1967-10-26,57,2
C1886,Individual,Maria,Richardson,1999-11-16,F,USA,California,Home,5,No,Website,1999-11-16,25,1
C1887,Individual,Emma,Campbell,1986-01-07,F,USA,Oregon,Investment,1,No,Agency,1986-01-07,39,1
C1888,Individual,Donald,Griffin,1962-08-06,M,USA,California,Home,3,No,Website,1962-08-06,62,2
C1889,Individual,Matthew,Richardson,1987-07-10,M,USA,California,Home,4,Yes,Website,1987-07-10,37,2
C1890,Individual,Mark,Nelson,1954-03-12,M,Canada,Ontario,Home,4,No,Client,1954-03-12,71,2
C1891,Individual,Gary,James,1972-06-02,M,USA,Oregon,Home,2,No,Agency,1972-06-02,53,2
C1892,Individual,Nancy,Jones,1951-06-06,F,USA,Nevada,Investment,5,Yes,Agency,1951-06-06,74,1
C1893,Individual,Ann,Davis,1962-12-27,F,USA,Washington,Home,1,Yes,Website,1962-12-27,62,1
C1894,Individual,Joyce,Hall,1944-03-11,F,USA,Texas,Investment,4,No,Website,1944-03-11,81,1
C1895,Company,Caldera,Co,1969-01-07,M,USA,Nevada,Investment,4,No,Agency,1969-01-07,56,3
C1896,Individual,Andrew,Bryant,1955-06-17,M,USA,Virginia,Investment,3,No,Agency,1955-06-17,70,2
C1897,Individual,Catherine,Rogers,1950-12-27,F,Canada,Ontario,Home,2,No,Website,1950-12-27,74,1
C1898,Individual,Daniel,James,1979-01-05,M,USA,New York,Home,1,Yes,Website,1979-01-05,46,2
C1899,Individual,Joe,Mitchell,1996-04-05,M,UK,England,Home,3,No,Website,1996-04-05,29,2
C1900,Individual,Rachel,Griffin,1998-09-07,F,UK,England,Investment,4,No,Client,1998-09-07,26,1
C1901,Individual,Justin,Stewart,1982-09-17,M,Canada,British Columbia,Home,4,No,Agency,1982-09-17,42,2
C1902,Company,Grandis,Co,1980-11-09,M,USA,Colorado,Investment,2,No,Agency,1980-11-09,44,3
C1903,Individual,Nicole,Bennett,1991-12-01,F,USA,Nevada,Home,2,No,Website,1991-12-01,33,1
C1904,Individual,Christian,Nelson,1949-03-23,M,USA,Texas,Home,2,Yes,Website,1949-03-23,76,2
C1905,Individual,James,Morris,1961-02-02,M,USA,Virginia,Home,1,No,Website,1961-02-02,64,2
C1906,Individual,Michelle,Adams,1955-09-15,F,USA,California,Home,2,No,Agency,1955-09-15,69,1
C1907,Individual,Kyle,Wright,1950-03-12,M,USA,Colorado,Home,3,No,Website,1950-03-12,75,2
C1908,Individual,Andrea,Moore,1976-03-28,F,USA,California,Home,2,No,Website,1976-03-28,49,1
C1909,Individual,Heather,Pierce,1985-12-04,F,USA,California,Investment,2,No,Agency,1985-12-04,39,1
C1910,Company,Telnox,Co,1985-10-04,M,USA,California,Home,2,Yes,Agency,1985-10-04,39,3
C1911,Individual,Noah,Murray,1989-01-11,M,USA,California,Home,5,No,Agency,1989-01-11,36,2
C1912,Individual,Amanda,Jackson,1954-07-26,F,USA,Utah,Investment,1,No,Website,1954-07-26,70,1
C1913,Individual,Gary,King,1980-11-12,M,France,Provence,Home,5,No,Website,1980-11-12,44,2
C1914,Individual,Brenda,Gray,1993-08-24,F,UK,Scotland,Home,4,Yes,Website,1993-08-24,31,1
C1915,Individual,Angela,Williams,1964-06-09,F,USA,Arizona,Investment,4,No,Client,1964-06-09,61,1
C1916,Individual,Zachary,Weaver,1948-10-15,M,USA,California,Investment,2,No,Website,1948-10-15,76,2
C1917,Individual,Angela,Montgomery,1971-09-16,F,Australia,New South Wales,Home,2,No,Client,1971-09-16,53,1
C1918,Individual,Dorothy,Murray,1940-09-17,F,USA,California,Home,1,No,Client,1940-09-17,84,1
C1919,Company,Vantage,Co,1968-01-19,F,USA,Nevada,Investment,1,No,Website,1968-01-19,57,3
C1920,Individual,Jonathan,Pierce,1969-10-26,M,Germany,North Rhine-Westphalia,Home,5,No,Agency,1969-10-26,55,2
C1921,Individual,Carolyn,Adams,1956-12-24,F,France,Provence,Home,5,No,Website,1956-12-24,68,1
C1922,Individual,Jessica,Garcia,1988-01-09,F,USA,California,Home,1,No,Agency,1988-01-09,37,1
C1923,Individual,Sarah,Cooper,1947-03-07,F,Mexico,Jalisco,Investment,1,Yes,Client,1947-03-07,78,1
C1924,Individual,Joe,Cooper,1958-01-03,M,USA,California,Home,3,No,Client,1958-01-03,67,2
C1925,Individual,Jordan,Baker,1942-01-19,M,USA,Colorado,Home,2,No,Agency,1942-01-19,83,2
C1926,Individual,Joshua,Watson,1997-11-05,M,Mexico,Puebla,Home,1,Yes,Website,1997-11-05,27,2
C1927,Individual,Victoria,Long,1952-11-05,F,USA,California,Investment,1,Yes,Website,1952-11-05,72,1
C1928,Individual,Paul,Scott,1998-02-20,M,Australia,New South Wales,Home,4,Yes,Client,1998-02-20,27,2
C1929,Individual,Angela,Baker,1941-10-24,F,Mexico,Jalisco,Home,1,Yes,Agency,1941-10-24,83,1
C1930,Individual,Rachel,Adams,1966-01-22,F,USA,Colorado,Investment,3,No,Agency,1966-01-22,59,1
C1931,Individual,Melissa,Jackson,1995-05-01,F,USA,Utah,Home,5,Yes,Website,1995-05-01,30,1
C1932,Individual,Dorothy,Allen,1962-05-13,F,USA,California,Investment,2,No,Website,1962-05-13,63,1
C1933,Company,Oasis,Co,1994-04-05,F,Australia,Queensland,Home,1,No,Client,1994-04-05,31,3
C1934,Individual,Noah,Montgomery,1978-03-25,M,France,Ile-de-France,Investment,4,Yes,Client,1978-03-25,47,2
C1935,Individual,Ashley,Young,1983-04-14,F,USA,Arizona,Home,5,No,Website,1983-04-14,42,1
C1936,Individual,Jeffrey,Brown,1984-02-24,M,Russia,Krasnodar Krai,Home,1,Yes,Agency,1984-02-24,41,2
C1937,Individual,Ashley,Richardson,1961-03-16,F,USA,Arizona,Home,3,Yes,Website,1961-03-16,64,1
C1938,Individual,Peter,Anderson,1973-07-28,M,Canada,Quebec,Home,4,Yes,Website,1973-07-28,51,2
C1939,Individual,Gloria,White,1979-06-09,F,USA,Florida,Investment,1,Yes,Agency,1979-06-09,46,1
C1940,Individual,Barbara,Turner,1997-02-01,F,Canada,Manitoba,Home,4,No,Agency,1997-02-01,28,0
C1941,Individual,Maria,James,1943-05-20,F,USA,Nevada,Home,5,No,Client,1943-05-20,82,1
C1942,Company,Stratos,Co,1984-11-10,F,USA,Nevada,Home,2,Yes,Agency,1984-11-10,40,3
C1943,Individual,Eric,Long,1973-01-04,M,USA,Arizona,Home,1,No,Website,1973-01-04,52,2
C1944,Individual,Henry,Pierce,1986-02-15,M,USA,California,Investment,1,No,Website,1986-02-15,39,2
C1945,Individual,Sean,Johnson,1967-02-26,M,Mexico,Mexico City,Investment,3,No,Website,1967-02-26,58,2
C1946,Individual,Mark,Bell,1955-01-15,M,USA,California,Home,1,No,Agency,1955-01-15,70,2
C1947,Individual,Walter,Mitchell,1979-02-02,M,USA,Nevada,Home,3,No,Website,1979-02-02,46,2
C1948,Individual,Melissa,Harris,1955-04-01,F,USA,Arizona,Home,2,No,Agency,1955-04-01,70,1
C1949,Individual,Christina,James,1955-07-20,F,USA,Colorado,Home,2,Yes,Agency,1955-07-20,69,1
C1950,Individual,Edward,Weaver,1975-03-27,M,USA,Ohio,Home,4,No,Agency,1975-03-27,50,2
C1951,Individual,Alexander,Murray,1996-09-08,M,USA,Utah,Home,1,Yes,Website,1996-09-08,28,2
C1952,Company,Optima,Co,1992-05-06,M,USA,Nevada,Home,3,No,Agency,1992-05-06,33,3
C1953,Individual,Donald,Miller,1972-10-16,M,Germany,Bavaria,Home,1,Yes,Website,1972-10-16,52,2
C1954,Individual,Judy,Roberts,1966-09-03,F,Australia,Western Australia,Investment,3,No,Website,1966-09-03,58,1
C1955,Individual,Benjamin,Wright,1998-05-20,M,Canada,Quebec,Home,1,No,Website,1998-05-20,27,2
C1956,Individual,Julie,Weaver,1967-08-21,F,USA,Oregon,Home,2,No,Agency,1967-08-21,57,1
C1957,Individual,Adam,Howard,1962-09-24,M,USA,California,Home,4,Yes,Website,1962-09-24,62,2
C1958,Individual,Susan,Foster,1970-10-09,F,USA,California,Home,3,No,Website,1970-10-09,54,1
C1959,Individual,Judy,Morales,1942-02-20,F,USA,Texas,Home,1,No,Website,1942-02-20,83,1
C1960,Individual,Dorothy,Brown,1987-08-02,F,USA,Colorado,Home,2,Yes,Website,1987-08-02,37,1
C1961,Individual,William,Campbell,1994-09-26,M,USA,California,Home,5,No,Agency,1994-09-26,30,2
C1962,Individual,Kimberly,Harris,1995-08-01,F,Mexico,Puebla,Home,5,No,Agency,1995-08-01,29,1
C1963,Company,Terova,Co,1968-03-01,M,USA,Texas,Home,5,No,Website,1968-03-01,57,3
C1964,Individual,Kevin,Martin,1972-06-17,M,USA,Virginia,Home,5,No,Agency,1972-06-17,53,2
C1965,Individual,Sean,Wright,1997-01-09,M,USA,California,Home,4,No,Agency,1997-01-09,28,2
C1966,Individual,Ronald,Howard,1964-02-10,M,Canada,British Columbia,Home,1,No,Agency,1964-02-10,61,2
C1967,Individual,Roger,Bryant,1957-10-09,M,USA,Oregon,Investment,4,No,Agency,1957-10-09,67,2
C1968,Individual,Judy,Griffin,1958-11-02,F,USA,California,Investment,3,Yes,Client,1958-11-02,66,1
C1969,Individual,Jesse,James,1993-06-14,M,USA,Colorado,Investment,2,Yes,Agency,1993-06-14,32,2
C1970,Individual,Raymond,Howard,1978-02-25,M,USA,Arizona,Investment,4,Yes,Website,1978-02-25,47,2
C1971,Individual,Emma,Jordan,1976-07-18,F,USA,Virginia,Home,5,No,Website,1976-07-18,48,1
C1972,Individual,Carol,Wilson,1972-01-05,F,USA,California,Home,4,Yes,Website,1972-01-05,53,1
C1973,Company,Oasis,Co,1993-09-13,M,USA,Washington,Home,4,Yes,Agency,1993-09-13,31,3
C1974,Individual,Keith,Peterson,1950-04-09,M,USA,Nevada,Home,5,Yes,Agency,1950-04-09,75,2
C1975,Individual,Dorothy,Campbell,1975-08-05,F,Belgium,Wallonia,Home,4,No,Agency,1975-08-05,49,1
C1976,Individual,Albert,Wilson,1995-05-03,M,USA,Florida,Home,5,No,Client,1995-05-03,30,2
C1977,Individual,Jason,Bennett,1994-04-07,M,USA,Virginia,Home,1,No,Website,1994-04-07,31,2
C1978,Company,Summit,Co,1967-02-06,F,USA,California,Investment,5,Yes,Website,1967-02-06,58,3
C1979,Individual,Brian,Richardson,1942-05-25,M,USA,Colorado,Home,3,Yes,Agency,1942-05-25,83,2
C1980,Individual,Barbara,Green,1956-05-09,F,USA,Texas,Investment,4,No,Website,1956-05-09,69,1
C1981,Individual,Sarah,Flores,1992-12-09,F,Canada,Quebec,Home,5,No,Agency,1992-12-09,32,1
C1982,Individual,Jose,Long,1947-09-05,M,USA,California,Home,4,Yes,Website,1947-09-05,77,2
C1983,Individual,Ryan,Reed,1961-03-13,M,UK,Northern Ireland,Home,3,No,Website,1961-03-13,64,2
C1984,Individual,Jesse,Watson,1956-10-18,M,USA,California,Home,4,No,Website,1956-10-18,68,2
C1985,Individual,Gregory,Bell,1963-05-11,M,UK,Scotland,Home,1,Yes,Agency,1963-05-11,62,2
C1986,Individual,Thomas,Griffin,1977-04-23,M,USA,New York,Investment,1,No,Website,1977-04-23,48,2
C1987,Individual,Douglas,Davis,1986-10-18,M,Belgium,Wallonia,Investment,5,No,Website,1986-10-18,38,2
C1988,Individual,Henry,Thompson,1994-09-19,M,USA,California,Home,5,Yes,Website,1994-09-19,30,2
C1989,Individual,William,Montgomery,1959-11-19,M,USA,Texas,Home,3,No,Agency,1959-11-19,65,2
C1990,Individual,Scott,Howard,1976-11-28,M,USA,Texas,Investment,5,No,Agency,1976-11-28,48,2
C1991,Individual,Susan,Reed,1950-07-09,F,USA,California,Home,3,No,Website,1950-07-09,74,1
C1992,Individual,Rachel,Hansen,1943-01-19,F,USA,Texas,Home,3,Yes,Website,1943-01-19,82,1
C1993,Individual,Douglas,Thompson,1985-06-09,M,USA,New York,Home,2,No,Website,1985-06-09,40,2
C1994,Individual,Nicole,Miller,1994-07-21,F,USA,Oregon,Investment,3,Yes,Website,1994-07-21,30,1
C1995,Individual,Michelle,Scott,1993-03-05,F,USA,California,Investment,4,No,Agency,1993-03-05,32,1
C1996,Individual,Samantha,Brooks,1992-06-20,F,USA,Nevada,Home,1,Yes,Website,1992-06-20,33,1
C1997,Individual,Matthew,Cox,1942-09-27,M,USA,Arizona,Home,4,Yes,Website,1942-09-27,82,2
C1998,Individual,Mark,Patterson,1963-09-13,M,USA,Virginia,Home,5,Yes,Website,1963-09-13,61,2
C1999,Individual,Lawrence,Montgomery,1944-06-15,M,USA,Ohio,Home,4,Yes,Client,1944-06-15,81,2
C2000,Individual,Amanda,James,1996-03-24,F,USA,Georgia,Home,1,Yes,Agency,1996-03-24,29,1
